country,qid,title,year,month,views,total_views,views_norm
Germany,Q7367,Mücke,2015,7,2607,1093033898,2.385104437081237
Germany,Q7367,Mücke,2015,8,2780,1087269211,2.5568644562675837
Germany,Q7367,Mücke,2015,9,1568,1108423885,1.4146212664841664
Germany,Q7367,Mücke,2015,10,1092,1158854443,0.9423098876620521
Germany,Q7367,Mücke,2015,11,944,1206836745,0.7822101903269444
Germany,Q7367,Mücke,2015,12,865,1187087036,0.7286744558467236
Germany,Q7367,Mücke,2016,1,917,1348922409,0.6798018877007179
Germany,Q7367,Mücke,2016,2,832,1204338063,0.6908359251948678
Germany,Q7367,Mücke,2016,3,698,1219587401,0.5723247054107604
Germany,Q7367,Mücke,2016,4,869,1177747252,0.7378493123412526
Germany,Q7367,Mücke,2016,5,1328,1148854347,1.1559341734379145
Germany,Q7367,Mücke,2016,6,2333,1152350599,2.024557458489246
Germany,Q7367,Mücke,2016,7,3623,1112834024,3.2556517161268967
Germany,Q7367,Mücke,2016,8,2421,1094763358,2.2114368208512873
Germany,Q7367,Mücke,2016,9,2115,1083591539,1.9518424829634997
Germany,Q7367,Mücke,2016,10,928,1184452296,0.7834844874157769
Germany,Q7367,Mücke,2016,11,619,1189754310,0.5202754844401446
Germany,Q7367,Mücke,2016,12,416,1159446053,0.35879202738551214
Germany,Q7367,Mücke,2017,1,578,1353848487,0.42693108242916694
Germany,Q7367,Mücke,2017,2,497,1182769881,0.42020008116862084
Germany,Q7367,Mücke,2017,3,647,1241127916,0.5213000140108041
Germany,Q7367,Mücke,2017,4,676,1094640899,0.6175541226511398
Germany,Q7367,Mücke,2017,5,1099,1144323431,0.9603928139788305
Germany,Q7367,Mücke,2017,6,1808,1035022419,1.7468220656967237
Germany,Q7367,Mücke,2017,7,1835,1022086139,1.795347701119739
Germany,Q7367,Mücke,2017,8,2417,1016484293,2.3778035889434053
Germany,Q7367,Mücke,2017,9,1307,1006251376,1.2988802114194575
Germany,Q7367,Mücke,2017,10,777,1076485389,0.7217933545032073
Germany,Q7367,Mücke,2017,11,580,1063160000,0.5455434741713383
Germany,Q7367,Mücke,2017,12,414,1049394376,0.3945132635244845
Germany,Q7367,Mücke,2018,1,479,1166226353,0.41072644154183335
Germany,Q7367,Mücke,2018,2,467,1035955200,0.45079169446709666
Germany,Q7367,Mücke,2018,3,567,1121576949,0.5055382071694129
Germany,Q7367,Mücke,2018,4,792,1008146417,0.7856001733922743
Germany,Q7367,Mücke,2018,5,1371,1057526575,1.2964213216107596
Germany,Q7367,Mücke,2018,6,1619,1015156095,1.5948286258380786
Germany,Q7367,Mücke,2018,7,1654,1042637652,1.5863612798053834
Germany,Q7367,Mücke,2018,8,1359,1040184702,1.3064987375674748
Germany,Q7367,Mücke,2018,9,997,989160046,1.0079258700669353
Germany,Q7367,Mücke,2018,10,701,1083325465,0.6470816228805255
Germany,Q7367,Mücke,2018,11,456,1105631825,0.41243385880286143
Germany,Q7367,Mücke,2018,12,321,1112110903,0.28864027781229296
Germany,Q7367,Mücke,2019,1,397,1271637354,0.3121959250026875
Germany,Q7367,Mücke,2019,2,361,1055144682,0.34213317487013595
Germany,Q7367,Mücke,2019,3,512,1140397575,0.44896623004481573
Germany,Q7367,Mücke,2019,4,531,1063777384,0.49916458836842503
Germany,Q7367,Mücke,2019,5,584,1122558014,0.5202403730734936
Germany,Q7367,Mücke,2019,6,1283,1000588871,1.2822449231498598
Germany,Q7367,Mücke,2019,7,1164,1074397364,1.0833980415462001
Germany,Q7367,Mücke,2019,8,1221,1067655399,1.1436274299213278
Germany,Q7367,Mücke,2019,9,729,1030450970,0.7074572407845857
Germany,Q7367,Mücke,2019,10,499,1098563288,0.45422963378692477
Germany,Q7367,Mücke,2019,11,366,1093311328,0.33476283527540657
Germany,Q7367,Mücke,2019,12,342,1111933553,0.3075723356645575
Germany,Q7367,Mücke,2020,1,356,1238790419,0.2873771015176055
Germany,Q7367,Mücke,2020,2,345,1065319385,0.3238465429782825
Germany,Q7367,Mücke,2020,3,536,1130202962,0.4742511018122778
Germany,Q7367,Mücke,2020,4,829,1208842876,0.6857797787112905
Germany,Q7367,Mücke,2020,5,1024,1248175741,0.8203972937173116
Germany,Q7367,Mücke,2020,6,1294,1080045720,1.1980974286903336
Germany,Q7367,Mücke,2020,7,1545,1180018227,1.3093018096236577
Germany,Q7367,Mücke,2020,8,1619,1128829442,1.4342290693016846
Germany,Q7367,Mücke,2020,9,886,1023570665,0.8655972961085202
Germany,Q7367,Mücke,2020,10,429,1084426625,0.3956007627533122
Germany,Q7367,Mücke,2020,11,408,1139024832,0.35820114587282326
Germany,Q7367,Mücke,2020,12,295,1149194453,0.2567015523177086
Germany,Q7367,Mücke,2021,1,374,1303769890,0.28686043669868766
Germany,Q7367,Mücke,2021,2,342,1137786226,0.3005837056072781
Germany,Q7367,Mücke,2021,3,423,1216327743,0.347768109733891
Germany,Q7367,Mücke,2021,4,698,1206347214,0.578606218756518
Germany,Q7367,Mücke,2021,5,1189,1204508809,0.9871243706279944
Germany,Q7367,Mücke,2021,6,3035,1046929112,2.8989546333295584
Germany,Q7367,Mücke,2021,7,2489,1029694717,2.4172212976402014
Germany,Q7367,Mücke,2021,8,2469,1046535795,2.3592121853796697
Germany,Q7367,Mücke,2021,9,1975,996134749,1.9826634920452915
Germany,Q7367,Mücke,2021,10,966,1068121026,0.9043918961295684
Germany,Q7367,Mücke,2021,11,421,1050913768,0.40060375343755134
Germany,Q7367,Mücke,2021,12,381,1113037393,0.34230655896751166
Germany,Q7367,Mücke,2022,1,478,1249910936,0.38242724840036124
Germany,Q7367,Mücke,2022,2,487,1103146777,0.441464372786723
Germany,Q7367,Mücke,2022,3,598,1124066971,0.5319967719254336
Germany,Q7367,Mücke,2022,4,659,1031848397,0.638659711946037
Germany,Q7367,Mücke,2022,5,1496,1027137223,1.4564753048580736
Germany,Q7367,Mücke,2022,6,2065,991623233,2.0824441494302905
Germany,Q7367,Mücke,2022,7,1941,999957014,1.9410834394127265
Germany,Q7367,Mücke,2022,8,2044,1039286534,1.966733843969925
Germany,Q7367,Mücke,2022,9,1357,1047252504,1.2957715496663065
Germany,Q7367,Mücke,2022,10,1181,1112474516,1.061597351682616
Germany,Q7367,Mücke,2022,11,735,1076312574,0.6828871256873378
Germany,Q7367,Mücke,2022,12,479,1076134373,0.4451116998192938
Germany,Q7367,Mücke,2023,1,586,1172752345,0.4996792396096211
Germany,Q7367,Mücke,2023,2,480,1008121796,0.4761329453489963
Germany,Q7367,Mücke,2023,3,578,1130556117,0.5112528173601488
Germany,Q7367,Mücke,2023,4,573,1058416300,0.5413748824540967
Germany,Q7367,Mücke,2023,5,1493,1065602480,1.4010853278044173
Germany,Q7367,Mücke,2023,6,1681,1019080224,1.6495266617989046
Germany,Q7367,Mücke,2023,7,1265,1096200614,1.1539858524472602
Germany,Q7367,Mücke,2023,8,1179,1072558100,1.0992411506658708
Germany,Q7367,Mücke,2023,9,1110,992596368,1.1182793286223267
Germany,Q7367,Mücke,2023,10,699,1104086001,0.6331028555446742
Germany,Q7367,Mücke,2023,11,389,1078845169,0.3605707391363403
Germany,Q7367,Mücke,2023,12,366,1155406164,0.3167717218444751
Germany,Q7367,Mücke,2024,1,503,1335740029,0.37657028244977453
Germany,Q7367,Mücke,2024,2,562,1116155910,0.5035138863351089
Germany,Q7367,Mücke,2024,3,637,1142964188,0.5573227986387269
Germany,Q7367,Mücke,2024,4,970,1077280119,0.9004157627084177
Germany,Q7367,Mücke,2024,5,1520,1083180889,1.4032743888264816
Germany,Q7367,Mücke,2024,6,1665,1055978549,1.576736574409335
Germany,Q7367,Mücke,2024,7,1691,1063682946,1.5897594357031273
Germany,Q7367,Mücke,2024,8,1674,1068072391,1.5673094952231565
Germany,Q7367,Mücke,2024,9,1055,1019541571,1.0347787966754718
Germany,Q7367,Mücke,2024,10,656,1066646637,0.6150115485715444
Germany,Q7367,Mücke,2024,11,558,1015043685,0.5497300345255584
Germany,Q7367,Mücke,2024,12,392,1089010277,0.3599598720774974
Germany,Q7367,Mücke,2025,1,405,1204433626,0.33625763284692617
Germany,Q7367,Mücke,2025,2,425,1023400858,0.4152820438616439
Germany,Q7367,Mücke,2025,3,528,1106946392,0.47698786844232294
Germany,Q7367,Mücke,2025,4,620,1028668272,0.6027210295837724
Germany,Q7367,Mücke,2025,5,760,1026492186,0.7403855678254525
Germany,Q7367,Mücke,2025,6,1247,943474520,1.3217103096753475
Germany,Q7367,Mücke,2025,7,1373,965067983,1.42269770025103
Germany,Q7367,Mücke,2025,8,1659,993169707,1.6704093855331414
Germany,Q7367,Mücke,2025,9,1057,978761012,1.0799367639707333
Germany,Q7367,Mücke,2025,10,651,1047346829,0.6215706029506678
Germany,Q7367,Mücke,2025,11,415,1039298236,0.3993079037613223
Germany,Q7367,Mücke,2025,12,260,1079604451,0.24082894411853437
Italy,Q7367,Zanzara,2015,7,1311,540720849,2.4245412442012197
Italy,Q7367,Zanzara,2015,8,1182,539975078,2.1889899148271432
Italy,Q7367,Zanzara,2015,9,800,569029813,1.4059017326039471
Italy,Q7367,Zanzara,2015,10,473,572239748,0.8265766257117813
Italy,Q7367,Zanzara,2015,11,313,578928046,0.540654408026382
Italy,Q7367,Zanzara,2015,12,311,578112229,0.5379578296379542
Italy,Q7367,Zanzara,2016,1,316,687098435,0.45990499163340404
Italy,Q7367,Zanzara,2016,2,473,639564331,0.7395659468069992
Italy,Q7367,Zanzara,2016,3,631,649810241,0.9710527169115514
Italy,Q7367,Zanzara,2016,4,703,606658414,1.158806972386276
Italy,Q7367,Zanzara,2016,5,714,639819496,1.1159397368535329
Italy,Q7367,Zanzara,2016,6,717,602115345,1.1908017391584664
Italy,Q7367,Zanzara,2016,7,712,564710422,1.2608231976281818
Italy,Q7367,Zanzara,2016,8,710,570222772,1.2451274043471556
Italy,Q7367,Zanzara,2016,9,602,578710172,1.0402443729639506
Italy,Q7367,Zanzara,2016,10,327,586999016,0.5570707805070665
Italy,Q7367,Zanzara,2016,11,225,621975497,0.3617505851681485
Italy,Q7367,Zanzara,2016,12,199,595419543,0.33421811954197145
Italy,Q7367,Zanzara,2017,1,224,683578113,0.32768749575222283
Italy,Q7367,Zanzara,2017,2,215,620723941,0.346369756020092
Italy,Q7367,Zanzara,2017,3,260,643084025,0.4043017551244567
Italy,Q7367,Zanzara,2017,4,353,597523379,0.5907718633382544
Italy,Q7367,Zanzara,2017,5,364,627194797,0.5803619573074998
Italy,Q7367,Zanzara,2017,6,603,548516915,1.0993279942880156
Italy,Q7367,Zanzara,2017,7,667,526097767,1.2678251873287272
Italy,Q7367,Zanzara,2017,8,553,536619566,1.03052522687926
Italy,Q7367,Zanzara,2017,9,922,567575369,1.6244538617390214
Italy,Q7367,Zanzara,2017,10,302,578802242,0.5217671565273585
Italy,Q7367,Zanzara,2017,11,340,580709396,0.5854907847917791
Italy,Q7367,Zanzara,2017,12,184,556813990,0.3304514672844337
Italy,Q7367,Zanzara,2018,1,233,663772832,0.3510237068575895
Italy,Q7367,Zanzara,2018,2,190,589438956,0.32234041891184406
Italy,Q7367,Zanzara,2018,3,234,622558062,0.37586855633715976
Italy,Q7367,Zanzara,2018,4,293,578596057,0.5063981969030251
Italy,Q7367,Zanzara,2018,5,488,666941283,0.73169859542193
Italy,Q7367,Zanzara,2018,6,618,611677543,1.010336258167974
Italy,Q7367,Zanzara,2018,7,690,598707715,1.152482225821994
Italy,Q7367,Zanzara,2018,8,683,591948676,1.1538162474072329
Italy,Q7367,Zanzara,2018,9,590,581254644,1.0150456535535224
Italy,Q7367,Zanzara,2018,10,290,618023135,0.46923809737316713
Italy,Q7367,Zanzara,2018,11,200,622295959,0.32139048487698757
Italy,Q7367,Zanzara,2018,12,161,619870541,0.2597316525806636
Italy,Q7367,Zanzara,2019,1,271,728541140,0.3719762483145427
Italy,Q7367,Zanzara,2019,2,201,630313516,0.318888925745327
Italy,Q7367,Zanzara,2019,3,221,640943909,0.3448039631811214
Italy,Q7367,Zanzara,2019,4,243,622685729,0.39024501234393955
Italy,Q7367,Zanzara,2019,5,263,654133544,0.4020585741433862
Italy,Q7367,Zanzara,2019,6,516,583800349,0.8838638087213614
Italy,Q7367,Zanzara,2019,7,622,602840994,1.0317811930354557
Italy,Q7367,Zanzara,2019,8,655,620168709,1.056164218694884
Italy,Q7367,Zanzara,2019,9,455,620900854,0.7328062074142356
Italy,Q7367,Zanzara,2019,10,348,622406251,0.5591203485518978
Italy,Q7367,Zanzara,2019,11,182,621644020,0.29277205948188806
Italy,Q7367,Zanzara,2019,12,184,608819942,0.3022240030370096
Italy,Q7367,Zanzara,2020,1,223,682619311,0.32668281779681446
Italy,Q7367,Zanzara,2020,2,232,591320858,0.39234198635354073
Italy,Q7367,Zanzara,2020,3,313,738000719,0.42411882799263234
Italy,Q7367,Zanzara,2020,4,413,873511786,0.47280415286806443
Italy,Q7367,Zanzara,2020,5,463,824269570,0.561709441730331
Italy,Q7367,Zanzara,2020,6,388,622888901,0.6229040192835287
Italy,Q7367,Zanzara,2020,7,553,588884242,0.9390640138745638
Italy,Q7367,Zanzara,2020,8,467,602987441,0.7744771586378695
Italy,Q7367,Zanzara,2020,9,329,586173319,0.5612674431536179
Italy,Q7367,Zanzara,2020,10,227,615576002,0.36876031434376805
Italy,Q7367,Zanzara,2020,11,192,735976856,0.26087776868896545
Italy,Q7367,Zanzara,2020,12,187,725163318,0.2578729444227073
Italy,Q7367,Zanzara,2021,1,200,796221601,0.25118635283043517
Italy,Q7367,Zanzara,2021,2,164,662764204,0.24744848772792202
Italy,Q7367,Zanzara,2021,3,242,768570778,0.3148701550034732
Italy,Q7367,Zanzara,2021,4,273,703218495,0.38821504545326274
Italy,Q7367,Zanzara,2021,5,245,689670137,0.35524229172184674
Italy,Q7367,Zanzara,2021,6,330,595186183,0.5544483548604151
Italy,Q7367,Zanzara,2021,7,373,586606062,0.6358611411690458
Italy,Q7367,Zanzara,2021,8,362,621041641,0.582891671188277
Italy,Q7367,Zanzara,2021,9,313,580191651,0.5394769115696909
Italy,Q7367,Zanzara,2021,10,253,603008075,0.41956320402508707
Italy,Q7367,Zanzara,2021,11,151,594588135,0.25395730441207004
Italy,Q7367,Zanzara,2021,12,117,610725786,0.19157533983672337
Italy,Q7367,Zanzara,2022,1,168,733881704,0.22891972791298798
Italy,Q7367,Zanzara,2022,2,139,616432064,0.22549119054261266
Italy,Q7367,Zanzara,2022,3,126,623457416,0.2020988070177996
Italy,Q7367,Zanzara,2022,4,145,583061494,0.2486873194202051
Italy,Q7367,Zanzara,2022,5,237,592116904,0.40025879754312843
Italy,Q7367,Zanzara,2022,6,313,539115806,0.5805802696127964
Italy,Q7367,Zanzara,2022,7,342,564273534,0.6060890319906445
Italy,Q7367,Zanzara,2022,8,344,621798635,0.5532337651400602
Italy,Q7367,Zanzara,2022,9,237,686761567,0.34509793702535485
Italy,Q7367,Zanzara,2022,10,211,650044548,0.32459313849979404
Italy,Q7367,Zanzara,2022,11,157,639998096,0.24531322980685868
Italy,Q7367,Zanzara,2022,12,114,609120662,0.18715503694405952
Italy,Q7367,Zanzara,2023,1,102,674542870,0.15121351738548508
Italy,Q7367,Zanzara,2023,2,120,617091302,0.19446068938434008
Italy,Q7367,Zanzara,2023,3,127,670132710,0.18951470075233307
Italy,Q7367,Zanzara,2023,4,164,639531435,0.2564377464885678
Italy,Q7367,Zanzara,2023,5,205,689831692,0.29717393732035147
Italy,Q7367,Zanzara,2023,6,323,637575950,0.5066063109814604
Italy,Q7367,Zanzara,2023,7,404,616216214,0.6556140374456294
Italy,Q7367,Zanzara,2023,8,297,655868589,0.4528346150146245
Italy,Q7367,Zanzara,2023,9,256,608737696,0.42054238086809725
Italy,Q7367,Zanzara,2023,10,181,643656356,0.2812059545637424
Italy,Q7367,Zanzara,2023,11,136,610860847,0.2226366293860703
Italy,Q7367,Zanzara,2023,12,102,632781811,0.16119300243287174
Italy,Q7367,Zanzara,2024,1,133,815241457,0.16314185062352637
Italy,Q7367,Zanzara,2024,2,125,673013412,0.18573181124063542
Italy,Q7367,Zanzara,2024,3,176,678715065,0.25931353092921255
Italy,Q7367,Zanzara,2024,4,227,633273237,0.35845506605547584
Italy,Q7367,Zanzara,2024,5,241,624786000,0.3857320746623644
Italy,Q7367,Zanzara,2024,6,344,567280519,0.6064019272271185
Italy,Q7367,Zanzara,2024,7,322,542720697,0.5933070210513826
Italy,Q7367,Zanzara,2024,8,334,590909563,0.5652303176552247
Italy,Q7367,Zanzara,2024,9,252,548986844,0.4590273933777546
Italy,Q7367,Zanzara,2024,10,221,587890712,0.3759202101495354
Italy,Q7367,Zanzara,2024,11,108,568209586,0.19007071098585795
Italy,Q7367,Zanzara,2024,12,97,555185893,0.17471625490311227
Italy,Q7367,Zanzara,2025,1,121,664329198,0.1821386149581822
Italy,Q7367,Zanzara,2025,2,84,567912964,0.14790998854535747
Italy,Q7367,Zanzara,2025,3,144,586926448,0.24534590405781134
Italy,Q7367,Zanzara,2025,4,148,564108268,0.26236098351247705
Italy,Q7367,Zanzara,2025,5,151,613335693,0.2461947049933062
Italy,Q7367,Zanzara,2025,6,221,547485053,0.4036639882477303
Italy,Q7367,Zanzara,2025,7,320,530094090,0.6036664170317386
Italy,Q7367,Zanzara,2025,8,300,575411720,0.5213658143772254
Italy,Q7367,Zanzara,2025,9,212,568936125,0.3726253100908296
Italy,Q7367,Zanzara,2025,10,123,559959619,0.21965869649611286
Italy,Q7367,Zanzara,2025,11,97,576392746,0.16828803046733692
Italy,Q7367,Zanzara,2025,12,75,590634354,0.1269821159099052
Spain,Q7367,Mosquito,2015,7,21702,1084073687,20.018934377105676
Spain,Q7367,Mosquito,2015,8,24208,1183651149,20.45197186726171
Spain,Q7367,Mosquito,2015,9,24971,1302757714,19.16780052933158
Spain,Q7367,Mosquito,2015,10,25798,1374261587,18.772263042232584
Spain,Q7367,Mosquito,2015,11,23662,1283390457,18.437101406622038
Spain,Q7367,Mosquito,2015,12,15693,980353796,16.007486342206196
Spain,Q7367,Mosquito,2016,1,29081,1168242955,24.892938472716917
Spain,Q7367,Mosquito,2016,2,38996,1257904425,31.000765419837045
Spain,Q7367,Mosquito,2016,3,48197,1320585067,36.4967022605292
Spain,Q7367,Mosquito,2016,4,31390,1323426483,23.718733456839853
Spain,Q7367,Mosquito,2016,5,27519,1369674796,20.091630568341127
Spain,Q7367,Mosquito,2016,6,25950,1207233978,21.495418844150525
Spain,Q7367,Mosquito,2016,7,22520,1091540993,20.631382737267476
Spain,Q7367,Mosquito,2016,8,25748,1217440254,21.14929247279514
Spain,Q7367,Mosquito,2016,9,25748,1286519399,20.013689665320005
Spain,Q7367,Mosquito,2016,10,24978,1320390919,18.91712495184163
Spain,Q7367,Mosquito,2016,11,22975,1319757795,17.408497291732232
Spain,Q7367,Mosquito,2016,12,13103,1077255057,12.163321875220495
Spain,Q7367,Mosquito,2017,1,17445,1271316862,13.721992149585757
Spain,Q7367,Mosquito,2017,2,17736,1348214389,13.155177800138432
Spain,Q7367,Mosquito,2017,3,24406,1440457151,16.943232211424526
Spain,Q7367,Mosquito,2017,4,24246,1232179978,19.677320223425998
Spain,Q7367,Mosquito,2017,5,29482,1367112436,21.565161155479387
Spain,Q7367,Mosquito,2017,6,25117,1162370070,21.608436631545406
Spain,Q7367,Mosquito,2017,7,21416,1037758525,20.63678542173383
Spain,Q7367,Mosquito,2017,8,21346,1149099454,18.57628591302072
Spain,Q7367,Mosquito,2017,9,19531,1160045439,16.83640945723334
Spain,Q7367,Mosquito,2017,10,20201,1250697677,16.15178501686783
Spain,Q7367,Mosquito,2017,11,16829,1194204193,14.09222987044059
Spain,Q7367,Mosquito,2017,12,10552,895866155,11.778545200203483
Spain,Q7367,Mosquito,2018,1,14700,1042433307,14.101621563018613
Spain,Q7367,Mosquito,2018,2,15315,1069050831,14.325792147483023
Spain,Q7367,Mosquito,2018,3,18408,1174538019,15.672545036620052
Spain,Q7367,Mosquito,2018,4,19705,1197604118,16.453684238250087
Spain,Q7367,Mosquito,2018,5,23496,1303371274,18.027096705830882
Spain,Q7367,Mosquito,2018,6,20084,1118522886,17.955823927593734
Spain,Q7367,Mosquito,2018,7,20293,1089041498,18.633817019156417
Spain,Q7367,Mosquito,2018,8,20254,1116217878,18.145203010267497
Spain,Q7367,Mosquito,2018,9,20418,1128713718,18.089618008877608
Spain,Q7367,Mosquito,2018,10,20735,1214746874,17.06939976039815
Spain,Q7367,Mosquito,2018,11,19684,1150539344,17.108497942856964
Spain,Q7367,Mosquito,2018,12,14208,907779651,15.651375291733654
Spain,Q7367,Mosquito,2019,1,16563,1047210773,15.816300239684415
Spain,Q7367,Mosquito,2019,2,16633,1065383272,15.612221852118587
Spain,Q7367,Mosquito,2019,3,20307,1196645418,16.969939210513903
Spain,Q7367,Mosquito,2019,4,20427,1155839263,17.67287256446141
Spain,Q7367,Mosquito,2019,5,23269,1279632499,18.184127097572254
Spain,Q7367,Mosquito,2019,6,21702,1121217911,19.35573788742303
Spain,Q7367,Mosquito,2019,7,20846,1095803684,19.02348048685699
Spain,Q7367,Mosquito,2019,8,23647,1151327255,20.53890403211205
Spain,Q7367,Mosquito,2019,9,21882,1208190397,18.111383813622545
Spain,Q7367,Mosquito,2019,10,21964,1305419207,16.825246543197217
Spain,Q7367,Mosquito,2019,11,17630,1220619606,14.443484205348739
Spain,Q7367,Mosquito,2019,12,12327,987072537,12.488443896398264
Spain,Q7367,Mosquito,2020,1,17398,1093703312,15.907421884080387
Spain,Q7367,Mosquito,2020,2,17476,1085839755,16.094455852742286
Spain,Q7367,Mosquito,2020,3,28553,1287418576,22.178489989412736
Spain,Q7367,Mosquito,2020,4,29351,1563272648,18.775355685747275
Spain,Q7367,Mosquito,2020,5,29579,1561631581,18.941087232021086
Spain,Q7367,Mosquito,2020,6,22624,1266440696,17.864239574310076
Spain,Q7367,Mosquito,2020,7,18112,1139396140,15.896139511232677
Spain,Q7367,Mosquito,2020,8,17831,1150249924,15.501848448720263
Spain,Q7367,Mosquito,2020,9,16994,1213319807,14.006200098240052
Spain,Q7367,Mosquito,2020,10,14724,1340310737,10.985512234988535
Spain,Q7367,Mosquito,2020,11,11806,1330639881,8.872423086498488
Spain,Q7367,Mosquito,2020,12,8670,1086684081,7.978399749834929
Spain,Q7367,Mosquito,2021,1,9896,1124752982,8.798376317618867
Spain,Q7367,Mosquito,2021,2,10764,1118905246,9.620117555512829
Spain,Q7367,Mosquito,2021,3,12436,1295496917,9.59940532224362
Spain,Q7367,Mosquito,2021,4,11611,1249861892,9.289826399475503
Spain,Q7367,Mosquito,2021,5,12474,1260474646,9.896272042904702
Spain,Q7367,Mosquito,2021,6,10683,1053763105,10.137952210805484
Spain,Q7367,Mosquito,2021,7,9434,1006424951,9.373773961611569
Spain,Q7367,Mosquito,2021,8,9662,1003364236,9.629603740430708
Spain,Q7367,Mosquito,2021,9,8033,1001767671,8.018825354965962
Spain,Q7367,Mosquito,2021,10,7602,1033306762,7.356963371928461
Spain,Q7367,Mosquito,2021,11,5524,994699379,5.553436662998058
Spain,Q7367,Mosquito,2021,12,4557,881750165,5.168130589462379
Spain,Q7367,Mosquito,2022,1,4852,973764589,4.9827238069754864
Spain,Q7367,Mosquito,2022,2,5545,989726160,5.602559803006521
Spain,Q7367,Mosquito,2022,3,6718,1066342330,6.300040625790406
Spain,Q7367,Mosquito,2022,4,6567,966508246,6.7945617920780785
Spain,Q7367,Mosquito,2022,5,8243,1028732622,8.012772049528726
Spain,Q7367,Mosquito,2022,6,6969,962341122,7.24171485628357
Spain,Q7367,Mosquito,2022,7,6941,1030912885,6.732867637016681
Spain,Q7367,Mosquito,2022,8,8710,1186492273,7.3409664758937705
Spain,Q7367,Mosquito,2022,9,9283,1426095949,6.509379685503896
Spain,Q7367,Mosquito,2022,10,9700,1431003386,6.778460550756516
Spain,Q7367,Mosquito,2022,11,9357,1514580306,6.177949074692378
Spain,Q7367,Mosquito,2022,12,5574,962916661,5.788662950552062
Spain,Q7367,Mosquito,2023,1,7447,1143502449,6.512447792755012
Spain,Q7367,Mosquito,2023,2,9033,1276056984,7.078837476116976
Spain,Q7367,Mosquito,2023,3,11998,1477105744,8.122641218298586
Spain,Q7367,Mosquito,2023,4,10994,1206146370,9.114979967149427
Spain,Q7367,Mosquito,2023,5,14991,1610435120,9.308664356500124
Spain,Q7367,Mosquito,2023,6,15565,1439047783,10.816180104562934
Spain,Q7367,Mosquito,2023,7,13252,1402008920,9.452150989167743
Spain,Q7367,Mosquito,2023,8,13560,1450449858,9.34882369439344
Spain,Q7367,Mosquito,2023,9,12575,1411774102,8.907232383839267
Spain,Q7367,Mosquito,2023,10,12319,1565579735,7.868650650361158
Spain,Q7367,Mosquito,2023,11,10201,1467851697,6.949612158264242
Spain,Q7367,Mosquito,2023,12,10404,1334054775,7.798780226246707
Spain,Q7367,Mosquito,2024,1,14969,1684174621,8.888033232036216
Spain,Q7367,Mosquito,2024,2,19843,1477756858,13.427784071904473
Spain,Q7367,Mosquito,2024,3,19272,1529123039,12.603302355972154
Spain,Q7367,Mosquito,2024,4,18671,1510057898,12.364426572470402
Spain,Q7367,Mosquito,2024,5,13297,1180334681,11.26544887144598
Spain,Q7367,Mosquito,2024,6,9932,994593622,9.985988025971878
Spain,Q7367,Mosquito,2024,7,9611,933079992,10.300295882885033
Spain,Q7367,Mosquito,2024,8,9589,955115990,10.039618329497342
Spain,Q7367,Mosquito,2024,9,8958,961040110,9.321151018348235
Spain,Q7367,Mosquito,2024,10,9170,1028230818,8.91823104255566
Spain,Q7367,Mosquito,2024,11,6819,915782834,7.446088468611762
Spain,Q7367,Mosquito,2024,12,5033,837633710,6.008592944522254
Spain,Q7367,Mosquito,2025,1,5982,964291125,6.203520746911365
Spain,Q7367,Mosquito,2025,2,5236,905973399,5.779419137227891
Spain,Q7367,Mosquito,2025,3,6166,979276557,6.296484844781187
Spain,Q7367,Mosquito,2025,4,5222,924558025,5.6481041306196005
Spain,Q7367,Mosquito,2025,5,5919,936098674,6.323051366698122
Spain,Q7367,Mosquito,2025,6,5535,887908388,6.23375122344266
Spain,Q7367,Mosquito,2025,7,5407,798506756,6.771389170312793
Spain,Q7367,Mosquito,2025,8,5367,824780435,6.507186364089735
Spain,Q7367,Mosquito,2025,9,4787,880321186,5.43778802115527
Spain,Q7367,Mosquito,2025,10,5312,877393757,6.054294275084522
Spain,Q7367,Mosquito,2025,11,3754,865135622,4.339204056031807
Spain,Q7367,Mosquito,2025,12,3136,824823060,3.8020275524304568
France,Q7367,Moustique,2015,7,1890,721312784,2.6202225191672186
France,Q7367,Moustique,2015,8,1540,760009616,2.026290151570924
France,Q7367,Moustique,2015,9,1013,800392151,1.265629602607135
France,Q7367,Moustique,2015,10,797,850646467,0.9369344738605726
France,Q7367,Moustique,2015,11,718,864463880,0.8305725856353883
France,Q7367,Moustique,2015,12,647,874405769,0.7399310742653621
France,Q7367,Moustique,2016,1,947,954090151,0.9925686781353223
France,Q7367,Moustique,2016,2,1208,857971707,1.4079718365351646
France,Q7367,Moustique,2016,3,961,886789046,1.0836850143049692
France,Q7367,Moustique,2016,4,3160,883076055,3.578400730161345
France,Q7367,Moustique,2016,5,14237,868749336,16.38792619462791
France,Q7367,Moustique,2016,6,21146,821466933,25.74175435494979
France,Q7367,Moustique,2016,7,30937,773687623,39.98642227213191
France,Q7367,Moustique,2016,8,24919,773486877,32.216448321204034
France,Q7367,Moustique,2016,9,18725,799400551,23.423801718145175
France,Q7367,Moustique,2016,10,12346,961871320,12.835396734773212
France,Q7367,Moustique,2016,11,9402,893280511,10.525249218159647
France,Q7367,Moustique,2016,12,6866,949899251,7.2281349761797
France,Q7367,Moustique,2017,1,8081,968786675,8.34136163154804
France,Q7367,Moustique,2017,2,6886,860461090,8.002686094730908
France,Q7367,Moustique,2017,3,9016,933698338,9.656223678530313
France,Q7367,Moustique,2017,4,9433,836808923,11.272585342639802
France,Q7367,Moustique,2017,5,15917,904648182,17.594685223166678
France,Q7367,Moustique,2017,6,23518,764579732,30.75938193977656
France,Q7367,Moustique,2017,7,23093,691516761,33.39470755069666
France,Q7367,Moustique,2017,8,24493,710555408,34.47021826058637
France,Q7367,Moustique,2017,9,12668,715050369,17.716234476902983
France,Q7367,Moustique,2017,10,12909,798946427,16.157528920271396
France,Q7367,Moustique,2017,11,8999,810432794,11.103943555373945
France,Q7367,Moustique,2017,12,6867,784772381,8.750307944387252
France,Q7367,Moustique,2018,1,7983,854572081,9.341517441873929
France,Q7367,Moustique,2018,2,8237,755732550,10.899358509832611
France,Q7367,Moustique,2018,3,8796,841509511,10.452644783001151
France,Q7367,Moustique,2018,4,13871,788497920,17.591676082037097
France,Q7367,Moustique,2018,5,22657,838607400,27.017410053858338
France,Q7367,Moustique,2018,6,26791,742449950,36.08458725062881
France,Q7367,Moustique,2018,7,39457,728088617,54.1925791431512
France,Q7367,Moustique,2018,8,35441,737003446,48.08797054118523
France,Q7367,Moustique,2018,9,20798,731877664,28.41731756962049
France,Q7367,Moustique,2018,10,13942,823779200,16.924438004746904
France,Q7367,Moustique,2018,11,11362,859872103,13.2135929987253
France,Q7367,Moustique,2018,12,8777,835992887,10.498893156252416
France,Q7367,Moustique,2019,1,8706,911773633,9.548422640118176
France,Q7367,Moustique,2019,2,8035,779462657,10.308383509897896
France,Q7367,Moustique,2019,3,10087,859340914,11.738065575218265
France,Q7367,Moustique,2019,4,12155,823434314,14.76134743639066
France,Q7367,Moustique,2019,5,15319,843843762,18.153834500941656
France,Q7367,Moustique,2019,6,27284,736511790,37.04489238386802
France,Q7367,Moustique,2019,7,32398,750363466,43.17640912437493
France,Q7367,Moustique,2019,8,30499,798527770,38.19403801072566
France,Q7367,Moustique,2019,9,18482,805558983,22.94307479654783
France,Q7367,Moustique,2019,10,14863,875175735,16.982874873696083
France,Q7367,Moustique,2019,11,10729,930187416,11.53423473103618
France,Q7367,Moustique,2019,12,8917,925684149,9.632875327543282
France,Q7367,Moustique,2020,1,8974,957286462,9.374414405956573
France,Q7367,Moustique,2020,2,8705,872750761,9.974210724291765
France,Q7367,Moustique,2020,3,11495,974918147,11.790733442978983
France,Q7367,Moustique,2020,4,18312,1134231023,16.144859053110206
France,Q7367,Moustique,2020,5,24536,1084785304,22.618300514882343
France,Q7367,Moustique,2020,6,24662,878046129,28.087362594590974
France,Q7367,Moustique,2020,7,27637,846119140,32.66324881860018
France,Q7367,Moustique,2020,8,30826,833220634,36.99620333694232
France,Q7367,Moustique,2020,9,18112,820015249,22.08739413332544
France,Q7367,Moustique,2020,10,10482,905851339,11.57143512264544
France,Q7367,Moustique,2020,11,10202,1036446190,9.843251003701408
France,Q7367,Moustique,2020,12,7600,1016869361,7.473919749657989
France,Q7367,Moustique,2021,1,7596,1026387492,7.400713725767032
France,Q7367,Moustique,2021,2,7278,912893537,7.972452104236991
France,Q7367,Moustique,2021,3,9301,1001687821,9.285328028361842
France,Q7367,Moustique,2021,4,10743,973048271,11.040562241541663
France,Q7367,Moustique,2021,5,14266,1000296515,14.261771170921254
France,Q7367,Moustique,2021,6,21293,869617497,24.485477895116453
France,Q7367,Moustique,2021,7,23354,833732527,28.011381640625377
France,Q7367,Moustique,2021,8,24015,875768402,27.42163332812275
France,Q7367,Moustique,2021,9,17345,841141143,20.62079609866379
France,Q7367,Moustique,2021,10,11223,904126879,12.413080797258324
France,Q7367,Moustique,2021,11,8212,919750582,8.928507533143371
France,Q7367,Moustique,2021,12,6496,912028409,7.122585147454545
France,Q7367,Moustique,2022,1,7179,1010423601,7.104940930610745
France,Q7367,Moustique,2022,2,5723,913565308,6.264467301772803
France,Q7367,Moustique,2022,3,7831,943600446,8.299063478823324
France,Q7367,Moustique,2022,4,10146,890367476,11.395294946735005
France,Q7367,Moustique,2022,5,14936,1121683719,13.315696525679892
France,Q7367,Moustique,2022,6,16361,1041100279,15.715104807881817
France,Q7367,Moustique,2022,7,19855,1065512494,18.634225419040465
France,Q7367,Moustique,2022,8,21834,1077926913,20.255547696859484
France,Q7367,Moustique,2022,9,14232,1132524513,12.566615412411828
France,Q7367,Moustique,2022,10,11233,1331515134,8.436254093676716
France,Q7367,Moustique,2022,11,8667,1345107583,6.443350784381089
France,Q7367,Moustique,2022,12,5271,1335877183,3.945722007290247
France,Q7367,Moustique,2023,1,6174,1460542230,4.227197182788752
France,Q7367,Moustique,2023,2,5725,1120336981,5.110069646089813
France,Q7367,Moustique,2023,3,7178,1207401767,5.94499709722555
France,Q7367,Moustique,2023,4,7952,1114711904,7.133681780436069
France,Q7367,Moustique,2023,5,12111,1086000340,11.15193021026126
France,Q7367,Moustique,2023,6,16831,938656264,17.930951558642132
France,Q7367,Moustique,2023,7,18566,1026263229,18.09087520176561
France,Q7367,Moustique,2023,8,21435,1138264718,18.83129614845885
France,Q7367,Moustique,2023,9,16265,1259974462,12.908991801454466
France,Q7367,Moustique,2023,10,11099,1300282127,8.535839853161345
France,Q7367,Moustique,2023,11,6298,1197136167,5.260888588624522
France,Q7367,Moustique,2023,12,5701,1133013491,5.03171413693255
France,Q7367,Moustique,2024,1,6731,1309784571,5.1390130476655305
France,Q7367,Moustique,2024,2,6415,1112986352,5.763772384515278
France,Q7367,Moustique,2024,3,7285,1192545486,6.108781665372888
France,Q7367,Moustique,2024,4,8276,1004009603,8.24294904677321
France,Q7367,Moustique,2024,5,10159,966309456,10.51319526774868
France,Q7367,Moustique,2024,6,10603,955000728,11.102609337487332
France,Q7367,Moustique,2024,7,14350,904675669,15.86203817757367
France,Q7367,Moustique,2024,8,17920,1025672394,17.47146565007384
France,Q7367,Moustique,2024,9,9933,951637286,10.437800353274515
France,Q7367,Moustique,2024,10,18895,1022104086,18.486375564689798
France,Q7367,Moustique,2024,11,5717,1188772051,4.809164208723478
France,Q7367,Moustique,2024,12,4324,1018339794,4.246126907223661
France,Q7367,Moustique,2025,1,4163,1547811209,2.689604504602085
France,Q7367,Moustique,2025,2,3665,1023633774,3.580382059570457
France,Q7367,Moustique,2025,3,4903,1042223698,4.704364340792412
France,Q7367,Moustique,2025,4,6532,1004282241,6.5041476721681875
France,Q7367,Moustique,2025,5,7353,993153468,7.403689597749056
France,Q7367,Moustique,2025,6,9653,889307505,10.854513141660712
France,Q7367,Moustique,2025,7,12534,850948651,14.729443410328646
France,Q7367,Moustique,2025,8,13820,868565937,15.911284810147926
France,Q7367,Moustique,2025,9,7271,903295430,8.049415239485933
France,Q7367,Moustique,2025,10,5112,865956600,5.903298156050776
France,Q7367,Moustique,2025,11,3692,904573964,4.08147940017429
France,Q7367,Moustique,2025,12,3104,931359562,3.33276226137033
