country,qid,year,month,views,total_views,views_norm
AT,Q11627066,2024,9,177,1019541571.0,0.17360743792564787
AT,Q11627066,2025,8,100,993169707.0,0.10068772667469206
AT,Q15794049,2023,9,139,992596368.0,0.14003678079144452
AT,Q15794049,2025,9,132,978761012.0,0.13486438301242837
AT,Q158856,2023,5,681,1065602480.0,0.6390750892396572
AT,Q158856,2024,2,103,1116155910.0,0.09228101475536693
AT,Q158856,2024,7,233,1063682946.0,0.2190502356705078
AT,Q158856,2024,8,1727,1068072391.0,1.616931599910628
AT,Q158856,2024,9,3206,1019541571.0,3.144550542314277
AT,Q158856,2025,7,1088,965067983.0,1.1273817173147271
AT,Q158856,2025,8,1394,993169707.0,1.4035869098452074
AT,Q158856,2025,9,91,978761012.0,0.09297468828887108
AT,Q158856,2026,1,1520,1172287155.0,1.2966106414430516
AT,Q158856,2026,2,123,939520552.0,0.13091783861264591
AT,Q243257,2023,6,332,1019080224.0,0.3257839688978206
AT,Q243257,2023,9,518,992596368.0,0.5218636866904192
AT,Q243257,2025,7,2100,965067983.0,2.1760125058464403
AT,Q243257,2025,8,701,993169707.0,0.7058209639895914
AT,Q243257,2025,9,676,978761012.0,0.6906691130030422
AT,Q243257,2025,10,785,1047346829.0,0.749512939041896
AT,Q243257,2026,2,103,939520552.0,0.10963038517969535
AT,Q27958,2024,6,98,1055978549.0,0.09280491549075966
AT,Q30953,2023,6,113,1019080224.0,0.11088430266702928
AT,Q30953,2023,7,202,1096200614.0,0.18427283967932534
AT,Q30953,2023,8,862,1072558100.0,0.803686066050874
AT,Q30953,2023,9,4512,992596368.0,4.545654352021566
AT,Q30953,2023,10,398,1104086001.0,0.3604791652457515
AT,Q30953,2023,12,104,1155406164.0,0.09001163680826615
AT,Q30953,2024,2,881,1116155910.0,0.7893162524221191
AT,Q30953,2024,3,102,1142964188.0,0.08924164122629535
AT,Q30953,2024,7,96,1063682946.0,0.0902524576153165
AT,Q30953,2025,7,214,965067983.0,0.22174603631006584
AT,Q30953,2025,8,105,993169707.0,0.10572211300842667
AT,Q30953,2026,4,111,940856808.0,0.11797757007886794
AT,Q477918,2023,5,3295,1065602480.0,3.092147458215375
AT,Q477918,2023,6,3462,1019080224.0,3.3971810250730567
AT,Q477918,2023,7,2841,1096200614.0,2.591678898658234
AT,Q477918,2023,8,2665,1072558100.0,2.484713881700208
AT,Q477918,2023,9,3678,992596368.0,3.7054336672728994
AT,Q477918,2023,10,208,1104086001.0,0.18839112153546816
AT,Q477918,2023,11,180,1078845169.0,0.1668450720939364
AT,Q477918,2024,3,165,1142964188.0,0.14436147845430133
AT,Q477918,2024,4,91,1077280119.0,0.08447199423347013
AT,Q477918,2024,5,547,1083180889.0,0.5049941386105825
AT,Q477918,2024,6,3369,1055978549.0,3.190405717228258
AT,Q477918,2024,7,3936,1063682946.0,3.700350762227977
AT,Q477918,2024,8,5353,1068072391.0,5.0118325734346225
AT,Q477918,2024,9,2707,1019541571.0,2.6551148839815184
AT,Q477918,2024,10,366,1066646637.0,0.34313144325790434
AT,Q477918,2025,4,97,1028668272.0,0.09429667720907406
AT,Q477918,2025,5,98,1026492186.0,0.09547077058801887
AT,Q477918,2025,6,1109,943474520.0,1.175442448620658
AT,Q477918,2025,7,4231,965067983.0,4.384147101064899
AT,Q477918,2025,8,9791,993169707.0,9.8583353187191
AT,Q477918,2025,9,4487,978761012.0,4.584367322551259
AT,Q477918,2025,10,185,1047346829.0,0.17663680729012832
AT,Q477918,2026,1,129,1172287155.0,0.1100412978593116
AT,Q477918,2026,2,228,939520552.0,0.2426769691356363
AT,Q477918,2026,5,3402,949380450.0,3.5833895673752285
CH,Q158856,2024,8,104,1068072391.0,0.0973716771225856
CH,Q158856,2025,7,572,965067983.0,0.5927043587353161
CH,Q158856,2025,8,547,993169707.0,0.5507618649105657
CH,Q158856,2025,9,759,978761012.0,0.7754702023214631
CH,Q243257,2024,8,169,1068072391.0,0.1582289753242016
CH,Q243257,2025,7,2711,965067983.0,2.809128525404619
CH,Q243257,2025,8,964,993169707.0,0.9706296851440315
CH,Q243257,2025,9,1107,978761012.0,1.131021757536047
CH,Q30953,2023,7,100,1096200614.0,0.09122417805907196
CH,Q30953,2023,8,316,1072558100.0,0.2946227341903436
CH,Q30953,2023,9,1883,992596368.0,1.8970450232394966
CH,Q30953,2023,10,318,1104086001.0,0.2880210415782638
CH,Q30953,2024,1,328,1335740029.0,0.24555676469885893
CH,Q30953,2024,2,439,1116155910.0,0.39331422793792314
CH,Q30953,2024,4,97,1077280119.0,0.09004157627084176
CH,Q30953,2024,7,209,1063682946.0,0.19648712126667867
CH,Q30953,2024,8,110,1068072391.0,0.10298927387965784
CH,Q30953,2025,5,353,1026492186.0,0.34388961242419047
CH,Q30953,2026,1,116,1172287155.0,0.09895186474170657
CH,Q30953,2026,3,382,966588633.0,0.39520431645713344
CH,Q477918,2023,4,545,1058416300.0,0.5149202634162002
CH,Q477918,2023,5,199,1065602480.0,0.18674881462362963
CH,Q477918,2023,6,940,1019080224.0,0.9224003938673232
CH,Q477918,2023,7,1469,1096200614.0,1.340083175687767
CH,Q477918,2023,8,1333,1072558100.0,1.2428231160624306
CH,Q477918,2023,9,369,992596368.0,0.37175231735282754
CH,Q477918,2023,10,105,1104086001.0,0.09510128731357767
CH,Q477918,2024,2,460,1116155910.0,0.4121288037618329
CH,Q477918,2024,4,155,1077280119.0,0.14388086929876778
CH,Q477918,2024,5,521,1083180889.0,0.4809907609069716
CH,Q477918,2024,6,697,1055978549.0,0.6600512867046886
CH,Q477918,2024,7,444,1063682946.0,0.41741761647083886
CH,Q477918,2024,8,1305,1068072391.0,1.2218272946632134
CH,Q477918,2024,9,1492,1019541571.0,1.463402810085122
CH,Q477918,2025,5,306,1026492186.0,0.29810261020340584
CH,Q477918,2025,6,487,943474520.0,0.5161771618379265
CH,Q477918,2025,7,1265,965067983.0,1.3107884856646417
CH,Q477918,2025,8,3197,993169707.0,3.2189866217899055
CH,Q477918,2025,9,520,978761012.0,0.5312839330792632
CH,Q477918,2026,5,200,949380450.0,0.21066370178572774
DE,Q11627066,2023,5,1085,1065602480.0,1.018203336013257
DE,Q11627066,2023,7,97,1096200614.0,0.0884874527172998
DE,Q11627066,2024,8,1127,1068072391.0,1.0551719242034037
DE,Q11627066,2024,9,138,1019541571.0,0.13535495160304747
DE,Q11627066,2025,7,210,965067983.0,0.21760125058464405
DE,Q11627066,2025,8,510,993169707.0,0.5135074060409295
DE,Q15794049,2023,6,119,1019080224.0,0.1167719647555441
DE,Q15794049,2024,1,131,1335740029.0,0.0980729761449711
DE,Q15794049,2025,7,2832,965067983.0,2.934508293598628
DE,Q15794049,2025,8,3311,993169707.0,3.333770630199054
DE,Q15794049,2025,9,1150,978761012.0,1.1749548520022168
DE,Q15794049,2025,10,212,1047346829.0,0.20241623321895788
DE,Q158856,2023,2,702,1008121796.0,0.6963444325729071
DE,Q158856,2023,3,299,1130556117.0,0.2644716131326721
DE,Q158856,2023,4,188,1058416300.0,0.17762387068301952
DE,Q158856,2023,5,18805,1065602480.0,17.647293763805806
DE,Q158856,2023,6,5822,1019080224.0,5.712994779888889
DE,Q158856,2023,7,4711,1096200614.0,4.29757102836288
DE,Q158856,2023,8,4995,1072558100.0,4.657090371141666
DE,Q158856,2023,9,5408,992596368.0,5.448337485756345
DE,Q158856,2023,10,2832,1104086001.0,2.565017577829066
DE,Q158856,2023,11,728,1078845169.0,0.6747956249132538
DE,Q158856,2023,12,243,1155406164.0,0.21031565138854497
DE,Q158856,2024,1,363,1335740029.0,0.27175946824904207
DE,Q158856,2024,2,697,1116155910.0,0.6244647309173859
DE,Q158856,2024,3,260,1142964188.0,0.22747869332192935
DE,Q158856,2024,4,142,1077280119.0,0.1318134415511292
DE,Q158856,2024,5,613,1083180889.0,0.5659257897043639
DE,Q158856,2024,6,724,1055978549.0,0.6856199879113264
DE,Q158856,2024,7,3218,1063682946.0,3.0253375896467554
DE,Q158856,2024,8,15564,1068072391.0,14.572045987845405
DE,Q158856,2024,9,14908,1019541571.0,14.622258105059652
DE,Q158856,2024,10,4094,1066646637.0,3.838197072944974
DE,Q158856,2024,11,4956,1015043685.0,4.882548478689368
DE,Q158856,2025,1,131,1204433626.0,0.10876481457517859
DE,Q158856,2025,5,131,1026492186.0,0.12761909129622934
DE,Q158856,2025,7,4327,965067983.0,4.483621958475023
DE,Q158856,2025,8,15160,993169707.0,15.264259363883317
DE,Q158856,2025,9,4426,978761012.0,4.522043630401575
DE,Q158856,2025,10,789,1047346829.0,0.7533321132535744
DE,Q158856,2026,2,1125,939520552.0,1.1974192556034686
DE,Q202864,2023,3,107,1130556117.0,0.09464368764279571
DE,Q202864,2023,4,879,1058416300.0,0.8304860762253944
DE,Q202864,2023,5,578,1065602480.0,0.542416155037477
DE,Q202864,2023,6,586,1019080224.0,0.5750283306449483
DE,Q202864,2023,7,488,1096200614.0,0.4451739889282711
DE,Q202864,2023,8,2140,1072558100.0,1.9952299087573901
DE,Q202864,2023,9,1271,992596368.0,1.280480204215295
DE,Q202864,2024,1,311,1335740029.0,0.23282973726019857
DE,Q202864,2024,2,557,1116155910.0,0.4990342254246541
DE,Q202864,2024,3,102,1142964188.0,0.08924164122629535
DE,Q202864,2024,4,147,1077280119.0,0.13645475991560557
DE,Q202864,2024,6,361,1055978549.0,0.341863005022084
DE,Q202864,2024,8,137,1068072391.0,0.12826845928648295
DE,Q202864,2025,7,237,965067983.0,0.24557855423124117
DE,Q202864,2025,8,2180,993169707.0,2.194992441508287
DE,Q202864,2025,9,157,978761012.0,0.16040687979508525
DE,Q202864,2025,10,825,1047346829.0,0.7877046811586804
DE,Q202864,2026,3,103,966588633.0,0.1065603261651433
DE,Q202864,2026,4,101,940856808.0,0.1073489601618528
DE,Q243257,2023,6,1821,1019080224.0,1.7869054438642507
DE,Q243257,2023,7,380,1096200614.0,0.34665187662447344
DE,Q243257,2023,9,308,992596368.0,0.3102973272213303
DE,Q243257,2023,11,245,1078845169.0,0.22709468146119122
DE,Q243257,2024,8,144,1068072391.0,0.13482232216973392
DE,Q243257,2025,4,649,1028668272.0,0.6309128196772068
DE,Q243257,2025,5,1571,1026492186.0,1.5304549040181392
DE,Q243257,2025,6,762,943474520.0,0.8076529719106776
DE,Q243257,2025,7,40542,965067983.0,42.00947572001257
DE,Q243257,2025,8,27090,993169707.0,27.27630515617408
DE,Q243257,2025,9,16423,978761012.0,16.779376986462964
DE,Q243257,2025,10,8032,1047346829.0,7.668901817050329
DE,Q243257,2025,11,3885,1039298236.0,3.7380992918379206
DE,Q243257,2025,12,3278,1079604451.0,3.0362972262329064
DE,Q243257,2026,1,2081,1172287155.0,1.7751623321335464
DE,Q243257,2026,2,3650,939520552.0,3.8849602515134762
DE,Q243257,2026,3,4259,966588633.0,4.4062177586150035
DE,Q243257,2026,4,1184,940856808.0,1.2584274141745913
DE,Q243257,2026,5,514,949380450.0,0.5414057135893203
DE,Q2502726,2024,8,11326,1068072391.0,10.604150145100043
DE,Q2502726,2024,9,8726,1019541571.0,8.558748606436176
DE,Q2502726,2024,10,321,1066646637.0,0.30094315105406366
DE,Q27958,2023,5,498,1065602480.0,0.46734125468626914
DE,Q27958,2023,6,468,1019080224.0,0.4592376429041567
DE,Q27958,2023,7,239,1096200614.0,0.21802578556118196
DE,Q27958,2023,8,1146,1072558100.0,1.0684735866523223
DE,Q27958,2023,9,1239,992596368.0,1.248241520867624
DE,Q27958,2024,4,127,1077280119.0,0.11788948645770006
DE,Q27958,2024,5,335,1083180889.0,0.30927428964267856
DE,Q27958,2024,6,1319,1055978549.0,1.2490784033909388
DE,Q27958,2024,7,690,1063682946.0,0.6486895391100874
DE,Q27958,2024,8,549,1068072391.0,0.5140101032721105
DE,Q27958,2024,9,221,1019541571.0,0.21676408916140213
DE,Q30953,2023,2,4581,1008121796.0,4.544093797174483
DE,Q30953,2023,3,5917,1130556117.0,5.2337074746020775
DE,Q30953,2023,4,6380,1058416300.0,6.02787390934928
DE,Q30953,2023,5,6410,1065602480.0,6.015376390640532
DE,Q30953,2023,6,7763,1019080224.0,7.6176534655234365
DE,Q30953,2023,7,13875,1096200614.0,12.657354705696232
DE,Q30953,2023,8,11473,1072558100.0,10.69685642204371
DE,Q30953,2023,9,36910,992596368.0,37.185306323828904
DE,Q30953,2023,10,10229,1104086001.0,9.264676837434152
DE,Q30953,2023,11,5597,1078845169.0,5.187954825054234
DE,Q30953,2023,12,6631,1155406164.0,5.739107343034739
DE,Q30953,2024,1,8101,1335740029.0,6.0648028988580975
DE,Q30953,2024,2,17030,1116155910.0,15.257725061008726
DE,Q30953,2024,3,12959,1142964188.0,11.338063025995702
DE,Q30953,2024,4,13554,1077280119.0,12.58168582242257
DE,Q30953,2024,5,10586,1083180889.0,9.77306755270864
DE,Q30953,2024,6,24910,1055978549.0,23.589494335457374
DE,Q30953,2024,7,53640,1063682946.0,50.4285606925581
DE,Q30953,2024,8,11552,1068072391.0,10.815746289616431
DE,Q30953,2024,9,6766,1019541571.0,6.63631596047985
DE,Q30953,2024,10,5725,1066646637.0,5.367288285933067
DE,Q30953,2024,11,4680,1015043685.0,4.610638999246619
DE,Q30953,2024,12,3293,1089010277.0,3.023846578446936
DE,Q30953,2025,1,4742,1204433626.0,3.9371202344694423
DE,Q30953,2025,2,3802,1023400858.0,3.715064307675224
DE,Q30953,2025,3,5165,1106946392.0,4.665989281258708
DE,Q30953,2025,4,1164,1028668272.0,1.1315601265088888
DE,Q30953,2025,5,2703,1026492186.0,2.6332397234634186
DE,Q30953,2025,6,3777,943474520.0,4.003287762344657
DE,Q30953,2025,7,4859,965067983.0,5.034878459956121
DE,Q30953,2025,8,7256,993169707.0,7.305901447515656
DE,Q30953,2025,9,5250,978761012.0,5.363924324357946
DE,Q30953,2025,10,3331,1047346829.0,3.1804173247752296
DE,Q30953,2025,11,2520,1039298236.0,2.4247130541651374
DE,Q30953,2025,12,4514,1079604451.0,4.181160975965631
DE,Q30953,2026,1,3192,1172287155.0,2.722882347030408
DE,Q30953,2026,2,2482,939520552.0,2.6417729710291638
DE,Q30953,2026,3,1944,966588633.0,2.011196835582899
DE,Q30953,2026,4,2374,940856808.0,2.5232319942993917
DE,Q30953,2026,5,3370,949380450.0,3.5496833750895123
DE,Q477918,2023,2,116,1008121796.0,0.1150654617926741
DE,Q477918,2023,3,908,1130556117.0,0.8031445642958739
DE,Q477918,2023,4,7455,1058416300.0,7.04354231883995
DE,Q477918,2023,5,18838,1065602480.0,17.678262160200678
DE,Q477918,2023,6,22825,1019080224.0,22.39764786172516
DE,Q477918,2023,7,18235,1096200614.0,16.634728869071772
DE,Q477918,2023,8,34353,1072558100.0,32.02903413810403
DE,Q477918,2023,9,28318,992596368.0,28.529219844979323
DE,Q477918,2023,10,10735,1104086001.0,9.722974469631012
DE,Q477918,2023,11,2735,1078845169.0,2.5351181787606447
DE,Q477918,2023,12,510,1155406164.0,0.4414032189636129
DE,Q477918,2024,1,1533,1335740029.0,1.1476784154980206
DE,Q477918,2024,2,3272,1116155910.0,2.931490099801559
DE,Q477918,2024,3,5457,1142964188.0,4.774427805606802
DE,Q477918,2024,4,14704,1077280119.0,13.64918904625214
DE,Q477918,2024,5,34280,1083180889.0,31.64753029537618
DE,Q477918,2024,6,19904,1055978549.0,18.84886773396
DE,Q477918,2024,7,23983,1063682946.0,22.547132197793083
DE,Q477918,2024,8,26956,1068072391.0,25.237989697273242
DE,Q477918,2024,9,14990,1019541571.0,14.702686409635374
DE,Q477918,2024,10,7075,1066646637.0,6.6329370520482875
DE,Q477918,2024,11,2961,1015043685.0,2.917115828369495
DE,Q477918,2024,12,108,1089010277.0,0.09917261781726969
DE,Q477918,2025,1,263,1204433626.0,0.21835989491047306
DE,Q477918,2025,2,1220,1023400858.0,1.1921037494381306
DE,Q477918,2025,3,4625,1106946392.0,4.178160779442696
DE,Q477918,2025,4,7813,1028668272.0,7.595257103448409
DE,Q477918,2025,5,13811,1026492186.0,13.454559312154375
DE,Q477918,2025,6,19870,943474520.0,21.060452167802055
DE,Q477918,2025,7,23973,965067983.0,24.84073704888415
DE,Q477918,2025,8,44695,993169707.0,45.002379437253616
DE,Q477918,2025,9,26039,978761012.0,26.60404294894411
DE,Q477918,2025,10,8821,1047346829.0,8.422233930303904
DE,Q477918,2025,11,2918,1039298236.0,2.8076637666880444
DE,Q477918,2025,12,228,1079604451.0,0.21118845868856093
DE,Q477918,2026,1,190,1172287155.0,0.16207633018038145
DE,Q477918,2026,2,820,939520552.0,0.8727855907509727
DE,Q477918,2026,3,2923,966588633.0,3.024037217288484
DE,Q477918,2026,4,6625,940856808.0,7.041454070022524
DE,Q477918,2026,5,17091,949380450.0,18.002266636099364
ES,Q11627066,2024,8,140,955115990.0,0.14657905580661465
ES,Q158856,2023,7,486,1402008920.0,0.34664544074370085
ES,Q158856,2023,8,2166,1450449858.0,1.4933298025115185
ES,Q158856,2023,9,1797,1411774102.0,1.2728665283307483
ES,Q158856,2023,10,1027,1565579735.0,0.6559870296226082
ES,Q158856,2023,11,378,1467851697.0,0.2575192035902248
ES,Q158856,2024,4,2355,1510057898.0,1.5595428513827752
ES,Q158856,2024,6,1444,994593622.0,1.451849245821928
ES,Q158856,2024,7,16079,933079992.0,17.23217745301305
ES,Q158856,2024,8,37593,955115990.0,39.35961746384332
ES,Q158856,2024,9,15698,961040110.0,16.334385876984886
ES,Q158856,2024,10,4344,1028230818.0,4.224732349930403
ES,Q158856,2024,11,142,915782834.0,0.15505859547483067
ES,Q158856,2025,3,1808,979276557.0,1.8462608821544577
ES,Q158856,2025,4,109,924558025.0,0.11789416894629193
ES,Q158856,2025,5,262,936098674.0,0.27988502417214195
ES,Q158856,2025,6,3634,887908388.0,4.0927645792214316
ES,Q158856,2025,7,2769,798506756.0,3.467722695135218
ES,Q158856,2025,8,1876,824780435.0,2.2745447398979586
ES,Q158856,2025,9,3467,880321186.0,3.938335297544458
ES,Q158856,2025,10,683,877393757.0,0.7784418279146703
ES,Q158856,2025,11,367,865135622.0,0.42421094527535247
ES,Q243257,2025,7,834,798506756.0,1.0444495224784298
ES,Q243257,2025,8,17364,824780435.0,21.052875726859355
ES,Q243257,2025,10,427,877393757.0,0.48666860983830773
ES,Q243257,2025,11,1395,865135622.0,1.6124639473000453
ES,Q243257,2025,12,2034,824823060.0,2.4659834316465403
ES,Q243257,2026,2,231,765269154.0,0.3018545812183618
ES,Q2502726,2024,6,244,994593622.0,0.24532632685633693
ES,Q2502726,2025,11,1036,865135622.0,1.1975001070988152
ES,Q27958,2024,8,458,955115990.0,0.47952291113878226
ES,Q30953,2023,2,375,1276056984.0,0.29387402341900426
ES,Q30953,2023,3,1180,1477105744.0,0.7988595297209812
ES,Q30953,2023,4,331,1206146370.0,0.27442772140499
ES,Q30953,2023,5,127,1610435120.0,0.0788606746231416
ES,Q30953,2023,6,877,1439047783.0,0.6094307710698166
ES,Q30953,2023,7,556,1402008920.0,0.3965737964063738
ES,Q30953,2023,8,631,1450449858.0,0.4350374447759779
ES,Q30953,2023,9,1257,1411774102.0,0.8903690740744301
ES,Q30953,2023,10,616,1565579735.0,0.3934644695691593
ES,Q30953,2023,11,153,1467851697.0,0.10423396335794814
ES,Q30953,2023,12,96,1334054775.0,0.0719610632179627
ES,Q30953,2024,1,104,1684174621.0,0.06175131646280757
ES,Q30953,2024,2,2026,1477756858.0,1.3709968517703202
ES,Q30953,2024,3,3358,1529123039.0,2.1960299559648453
ES,Q30953,2024,4,5584,1510057898.0,3.697871457376398
ES,Q30953,2024,5,1135,1180334681.0,0.9615916724893725
ES,Q30953,2024,6,894,994593622.0,0.8988595746293656
ES,Q30953,2024,7,413,933079992.0,0.44262014354713547
ES,Q30953,2024,8,204,955115990.0,0.21358662417535276
ES,Q30953,2024,9,1091,961040110.0,1.1352283725181875
ES,Q30953,2025,4,101,924558025.0,0.10924138590436225
ES,Q30953,2025,8,420,824780435.0,0.5092264343055131
ES,Q477918,2023,3,229,1477105744.0,0.15503290873398703
ES,Q477918,2023,4,391,1206146370.0,0.3241729277019671
ES,Q477918,2023,5,1881,1610435120.0,1.1680073146939318
ES,Q477918,2023,6,4791,1439047783.0,3.329284862252555
ES,Q477918,2023,7,3657,1402008920.0,2.608399952262786
ES,Q477918,2023,8,5126,1450449858.0,3.5340759776888477
ES,Q477918,2023,9,5842,1411774102.0,4.138055792158171
ES,Q477918,2023,10,5244,1565579735.0,3.349557919514077
ES,Q477918,2023,11,212,1467851697.0,0.14442875968552293
ES,Q477918,2023,12,216,1334054775.0,0.16191239224041606
ES,Q477918,2024,1,93,1684174621.0,0.05521992722154908
ES,Q477918,2024,2,95,1477756858.0,0.06428662434263595
ES,Q477918,2024,3,195,1529123039.0,0.1275240742743135
ES,Q477918,2024,4,646,1510057898.0,0.4277981664514959
ES,Q477918,2024,5,949,1180334681.0,0.804009248627678
ES,Q477918,2024,6,2214,994593622.0,2.226034785491516
ES,Q477918,2024,7,3605,933079992.0,3.8635487106233013
ES,Q477918,2024,8,5325,955115990.0,5.575239086930164
ES,Q477918,2024,9,3552,961040110.0,3.695995581287445
ES,Q477918,2024,10,1205,1028230818.0,1.1719158567371397
ES,Q477918,2024,11,373,915782834.0,0.40730180360642143
ES,Q477918,2025,4,97,924558025.0,0.10491499438339741
ES,Q477918,2025,5,1149,936098674.0,1.2274347052434773
ES,Q477918,2025,6,3786,887908388.0,4.263953411373787
ES,Q477918,2025,7,4655,798506756.0,5.829631327502506
ES,Q477918,2025,8,7351,824780435.0,8.912675044237684
ES,Q477918,2025,9,3424,880321186.0,3.8894894891238025
ES,Q477918,2025,10,2640,877393757.0,3.008911311412488
ES,Q477918,2026,5,99,733341575.0,0.13499848280114216
FR,Q11627066,2023,8,176,1138264718.0,0.15462132596821823
FR,Q11627066,2024,7,110,904675669.0,0.12159053655282953
FR,Q11627066,2024,8,640,1025672394.0,0.6239809160740656
FR,Q11627066,2025,3,217,1042223698.0,0.20820866040219324
FR,Q11627066,2025,8,118,868565937.0,0.13585612211269574
FR,Q158856,2023,2,203,1120336981.0,0.18119548264737678
FR,Q158856,2023,4,586,1114711904.0,0.5256963686287143
FR,Q158856,2023,5,112,1086000340.0,0.10313072277675346
FR,Q158856,2023,8,7094,1138264718.0,6.232293672832614
FR,Q158856,2023,10,116,1300282127.0,0.08921140850227191
FR,Q158856,2024,3,256,1192545486.0,0.21466686428764029
FR,Q158856,2024,6,141,955000728.0,0.14764386650813108
FR,Q158856,2024,7,368,904675669.0,0.40677561319492056
FR,Q158856,2024,8,9165,1025672394.0,8.935601712216894
FR,Q158856,2024,9,1958,951637286.0,2.0575066034140237
FR,Q158856,2024,10,661,1022104086.0,0.6467051732341866
FR,Q158856,2024,12,143,1018339794.0,0.1404246410113283
FR,Q158856,2025,7,379,850948651.0,0.44538527624976515
FR,Q158856,2025,8,1487,868565937.0,1.7120174032337168
FR,Q202864,2023,7,734,1026263229.0,0.7152161153773541
FR,Q202864,2024,6,129,955000728.0,0.13507843106063055
FR,Q202864,2024,10,391,1022104086.0,0.38254420988588045
FR,Q202864,2024,11,296,1188772051.0,0.24899643270634061
FR,Q202864,2025,7,408,850948651.0,0.4794648884166337
FR,Q243257,2023,4,91,1114711904.0,0.0816354429099198
FR,Q243257,2023,5,123,1086000340.0,0.11325963304947032
FR,Q243257,2023,6,239,938656264.0,0.2546192990621751
FR,Q243257,2023,7,567,1026263229.0,0.552489832995858
FR,Q243257,2023,8,887,1138264718.0,0.7792563416693725
FR,Q243257,2023,9,670,1259974462.0,0.5317568095280967
FR,Q243257,2023,10,96,1300282127.0,0.07383013117429399
FR,Q243257,2023,11,118,1197136167.0,0.09856856993612155
FR,Q243257,2024,7,1512,904675669.0,1.6713171933443476
FR,Q243257,2024,8,3996,1025672394.0,3.8959808447374473
FR,Q243257,2024,9,611,951637286.0,0.6420513456005968
FR,Q243257,2025,1,701,1547811209.0,0.45289761175259713
FR,Q243257,2025,2,648,1023633774.0,0.6330389016648449
FR,Q243257,2025,3,7948,1042223698.0,7.626001994823188
FR,Q243257,2025,4,26669,1004282241.0,26.55528387462544
FR,Q243257,2025,5,9482,993153468.0,9.547366349225697
FR,Q243257,2025,6,12153,889307505.0,13.665689237605163
FR,Q243257,2025,7,14938,850948651.0,17.55452574305803
FR,Q243257,2025,8,23415,868565937.0,26.95822965482009
FR,Q243257,2025,9,19489,903295430.0,21.57544403828103
FR,Q243257,2025,10,3484,865956600.0,4.023296317621461
FR,Q243257,2025,11,302,904573964.0,0.3338588241746034
FR,Q243257,2025,12,133,931359562.0,0.14280199122495293
FR,Q243257,2026,5,208,867962839.0,0.23964159599233717
FR,Q2502726,2023,8,182,1138264718.0,0.15989250753531659
FR,Q30953,2023,3,198,1207401767.0,0.16398849613411243
FR,Q30953,2023,4,650,1114711904.0,0.5831103064994271
FR,Q30953,2023,5,374,1086000340.0,0.3443829492723732
FR,Q30953,2023,6,1207,938656264.0,1.2858807278997715
FR,Q30953,2023,7,6078,1026263229.0,5.922457151585229
FR,Q30953,2023,8,8082,1138264718.0,7.100281570881476
FR,Q30953,2023,9,8950,1259974462.0,7.103318575039499
FR,Q30953,2023,10,4463,1300282127.0,3.4323320357382716
FR,Q30953,2023,11,1598,1197136167.0,1.3348523284569684
FR,Q30953,2023,12,1412,1133013491.0,1.2462340574195334
FR,Q30953,2024,1,2753,1309784571.0,2.1018723696662023
FR,Q30953,2024,2,4935,1112986352.0,4.434016635632563
FR,Q30953,2024,3,4702,1192545486.0,3.942826546408143
FR,Q30953,2024,4,4232,1004009603.0,4.2150991258994965
FR,Q30953,2024,5,2831,966309456.0,2.929703297863619
FR,Q30953,2024,6,5697,955000728.0,5.965440478700871
FR,Q30953,2024,7,14738,904675669.0,16.29092116105092
FR,Q30953,2024,8,3535,1025672394.0,3.446519591127847
FR,Q30953,2024,9,1485,951637286.0,1.5604684913533327
FR,Q30953,2024,10,370,1022104086.0,0.36199835718101214
FR,Q30953,2024,11,226,1188772051.0,0.19011214118794922
FR,Q30953,2025,2,505,1023633774.0,0.4933405020690535
FR,Q30953,2025,3,757,1042223698.0,0.7263315941219367
FR,Q30953,2025,4,594,1004282241.0,0.5914671949277255
FR,Q30953,2025,5,474,993153468.0,0.47726762808827045
FR,Q30953,2025,6,1294,889307505.0,1.4550647472608476
FR,Q30953,2025,7,1528,850948651.0,1.7956430134819028
FR,Q30953,2025,8,3622,868565937.0,4.170092155018509
FR,Q30953,2025,9,590,903295430.0,0.6531639377385092
FR,Q477918,2023,4,980,1114711904.0,0.8791509236452901
FR,Q477918,2023,5,5620,1086000340.0,5.1749523393335215
FR,Q477918,2023,6,9493,938656264.0,10.113393330532338
FR,Q477918,2023,7,15023,1026263229.0,14.638544552198898
FR,Q477918,2023,8,19798,1138264718.0,17.393142110902186
FR,Q477918,2023,9,14945,1259974462.0,11.861351519996125
FR,Q477918,2023,10,5105,1300282127.0,3.9260710379663633
FR,Q477918,2024,3,1607,1192545486.0,1.347537698868117
FR,Q477918,2024,4,3091,1004009603.0,3.0786558124185595
FR,Q477918,2024,5,7781,966309456.0,8.05228589215006
FR,Q477918,2024,6,9286,955000728.0,9.72355279712415
FR,Q477918,2024,7,13887,904675669.0,15.350252555537669
FR,Q477918,2024,8,22396,1025672394.0,21.835432181866835
FR,Q477918,2024,9,9180,951637286.0,9.64653249200242
FR,Q477918,2024,10,2186,1022104086.0,2.138725429182953
FR,Q477918,2024,11,107,1188772051.0,0.09000884560668394
FR,Q477918,2025,4,3335,1004282241.0,3.3207796213534757
FR,Q477918,2025,5,6086,993153468.0,6.1279552416565695
FR,Q477918,2025,6,10861,889307505.0,12.212873431221071
FR,Q477918,2025,7,15208,850948651.0,17.871818683921973
FR,Q477918,2025,8,26562,868565937.0,30.581443352181562
FR,Q477918,2025,9,11129,903295430.0,12.320443157782831
FR,Q477918,2025,10,2505,865956600.0,2.8927546715389663
FR,Q477918,2026,4,1250,808187750.0,1.5466703126841506
FR,Q477918,2026,5,5432,867962839.0,6.258332449184498
FR,Q8071861,2025,1,136,1547811209.0,0.08786601312175922
IT,Q11627066,2025,7,9870,530094090.0,18.61933605032269
IT,Q11627066,2025,8,4529,575411720.0,7.870885911048179
IT,Q158856,2023,6,1614,637575950.0,2.5314631143160278
IT,Q158856,2023,7,1633,616216214.0,2.6500438691799824
IT,Q158856,2023,8,7810,655868589.0,11.90787320964383
IT,Q158856,2023,9,844,608737696.0,1.3864756619245082
IT,Q158856,2023,10,178,643656356.0,0.2765450823886527
IT,Q158856,2024,2,2603,673013412.0,3.867679237274992
IT,Q158856,2024,6,339,567280519.0,0.5975879457267244
IT,Q158856,2024,7,8446,542720697.0,15.562332608074463
IT,Q158856,2024,8,23876,590909563.0,40.40550618064714
IT,Q158856,2024,9,7753,548986844.0,14.122378495467188
IT,Q158856,2025,7,129252,530094090.0,243.82841166933213
IT,Q158856,2025,8,15411,575411720.0,26.782561884558067
IT,Q202864,2024,3,312,678715065.0,0.45969216846542227
IT,Q202864,2024,7,636,542720697.0,1.1718734949958984
IT,Q202864,2024,8,414,590909563.0,0.700614824878033
IT,Q202864,2025,5,789,613335693.0,1.286408094302772
IT,Q243257,2023,10,164,643656356.0,0.25479434557156766
IT,Q243257,2023,11,650,610860847.0,1.0640721257422479
IT,Q243257,2024,7,638,542720697.0,1.1755586317726152
IT,Q243257,2024,8,317,590909563.0,0.536461109870378
IT,Q243257,2024,10,131,587890712.0,0.22283053180809564
IT,Q243257,2025,7,14782,530094090.0,27.885615551759876
IT,Q243257,2025,8,27655,575411720.0,48.06123865534056
IT,Q243257,2025,9,19205,568936125.0,33.75598622780369
IT,Q243257,2025,10,932,559959619.0,1.6644057327998145
IT,Q243257,2025,11,879,576392746.0,1.5250018431009194
IT,Q243257,2025,12,163,590634354.0,0.27597446524419406
IT,Q243257,2026,4,168,480578582.0,0.3495786252080622
IT,Q243257,2026,5,199,510199956.0,0.39004315398255346
IT,Q2502726,2024,8,2928,590909563.0,4.955072964354784
IT,Q2502726,2025,8,203,575411720.0,0.3527908677285892
IT,Q27958,2025,7,1982,530094090.0,3.738958870490331
IT,Q27958,2025,8,143,575411720.0,0.24851770485314412
IT,Q30953,2023,2,798,617091302.0,1.2931635844058615
IT,Q30953,2023,4,4359,639531435.0,6.815927664290654
IT,Q30953,2023,5,743,689831692.0,1.0770743191659569
IT,Q30953,2023,6,1507,637575950.0,2.363639971049724
IT,Q30953,2023,7,5722,616216214.0,9.285701787781909
IT,Q30953,2023,8,12637,655868589.0,19.267579225386566
IT,Q30953,2023,9,12664,608737696.0,20.803705903568684
IT,Q30953,2023,10,5127,643656356.0,7.965430547228218
IT,Q30953,2023,11,1615,610860847.0,2.643809973959585
IT,Q30953,2023,12,2744,632781811.0,4.336407830154903
IT,Q30953,2024,1,3179,815241457.0,3.8994582190390252
IT,Q30953,2024,2,38241,673013412.0,56.82056154922512
IT,Q30953,2024,3,38103,678715065.0,56.13990607383969
IT,Q30953,2024,4,21235,633273237.0,33.532129196863565
IT,Q30953,2024,5,11832,624786000.0,18.937684263091683
IT,Q30953,2024,6,8203,567280519.0,14.460218049546665
IT,Q30953,2024,7,17302,542720697.0,31.88011825537584
IT,Q30953,2024,8,20866,590909563.0,35.31166409638898
IT,Q30953,2024,9,27684,548986844.0,50.427437929641904
IT,Q30953,2024,10,44797,587890712.0,76.19953689623863
IT,Q30953,2024,11,2639,568209586.0,4.644413021219251
IT,Q30953,2024,12,1704,555185893.0,3.069242251081477
IT,Q30953,2025,1,1517,664329198.0,2.283506437120351
IT,Q30953,2025,2,484,567912964.0,0.8522432673327739
IT,Q30953,2025,3,362,586926448.0,0.6167723421453313
IT,Q30953,2025,4,924,564108268.0,1.6379834376049245
IT,Q30953,2025,5,9287,613335693.0,15.141789571343274
IT,Q30953,2025,6,5438,547485053.0,9.932691258331028
IT,Q30953,2025,7,15118,530094090.0,28.5194652896432
IT,Q30953,2025,8,12546,575411720.0,21.803518357255566
IT,Q30953,2025,9,6896,568936125.0,12.120868577294155
IT,Q30953,2025,10,1480,559959619.0,2.6430477301971305
IT,Q30953,2025,11,138,576392746.0,0.23942008458239689
IT,Q30953,2026,1,369,643443006.0,0.5734773656083535
IT,Q30953,2026,3,127,511884317.0,0.24810293220997434
IT,Q30953,2026,4,924,480578582.0,1.922682438644342
IT,Q30953,2026,5,155,510199956.0,0.30380245661957683
IT,Q477918,2023,6,1280,637575950.0,2.007603956830555
IT,Q477918,2023,7,3096,616216214.0,5.024210544385319
IT,Q477918,2023,8,4195,655868589.0,6.39609835012239
IT,Q477918,2023,9,2430,608737696.0,3.991867130896392
IT,Q477918,2023,10,237,643656356.0,0.36820890183208255
IT,Q477918,2024,7,141,542720697.0,0.25980214275852465
IT,Q477918,2024,8,2055,590909563.0,3.4776895292858883
IT,Q477918,2024,9,1065,548986844.0,1.9399371982036058
IT,Q477918,2024,10,316,587890712.0,0.5375148706210551
IT,Q477918,2025,7,3654,530094090.0,6.893115899481166
IT,Q477918,2025,8,5024,575411720.0,8.731139504770601
IT,Q477918,2025,9,1836,568936125.0,3.2270757987111467
