time [UTC],AT::Aedes,AT::Chikungunya,AT::Culex,AT::Dengue,AT::Usutu,AT::West Nile,AT::Zika,CH::Aedes,CH::Chikungunya,CH::Culex,CH::Dengue,CH::Usutu,CH::West Nile,CH::Zika,DE::Aedes,DE::Chikungunya,DE::Culex,DE::Dengue,DE::Usutu,DE::West Nile,DE::Zika,ES::Aedes,ES::Chikungunya,ES::Culex,ES::Dengue,ES::Usutu,ES::West Nile,ES::Zika,FR::Aedes,FR::Chikungunya,FR::Culex,FR::Dengue,FR::Usutu,FR::West Nile,FR::Zika,IT::Aedes,IT::Chikungunya,IT::Culex,IT::Dengue,IT::Usutu,IT::West Nile,IT::Zika
2010-01-01,0.0,0.0,0.0,52.87412723827559,0.0,0.0,0.0,0.0,0.0,0.0,109.98221302668568,0.0,0.0,0.0,0.0,0.0,0.0,25.089482858803024,0.0,0.0,3.012783265543289,0.0,0.0,0.0,26.986042110243673,0.0,0.0,0.0,0.0,4.824377762270295,0.0,2.4121888811351475,0.0,0.0,0.0,0.0,0.0,0.0,3.676001417936902,0.0,0.0,0.0
2010-02-01,0.0,0.0,0.0,42.96186205241338,0.0,0.0,0.0,0.0,0.0,0.0,89.28361023227451,0.0,0.0,0.0,0.0,0.0,0.0,33.12783265543289,0.0,0.0,0.0,2.4532765554766973,0.0,0.0,31.892595221197066,0.0,0.0,0.0,0.0,0.0,0.0,2.4121888811351475,0.0,0.0,0.0,1.838000708968451,0.0,0.0,3.676001417936902,0.0,0.0,0.0
2010-03-01,0.0,0.0,0.0,0.0,0.0,0.0,0.0,0.0,20.698602794411176,0.0,20.698602794411176,0.0,0.0,0.0,0.0,1.0,0.0,45.17896571760605,0.0,0.0,3.012783265543289,2.4532765554766973,0.0,0.0,34.34587177667376,0.0,0.0,0.0,0.0,2.4121888811351475,0.0,2.4121888811351475,0.0,0.0,0.0,1.838000708968451,0.0,0.0,1.838000708968451,0.0,0.0,0.0
2010-04-01,0.0,0.0,0.0,51.42967767954699,0.0,0.0,0.0,0.0,0.0,0.0,62.09580838323353,0.0,0.0,0.0,0.0,1.0,0.0,46.17896571760605,0.0,0.0,0.0,2.4532765554766973,0.0,0.0,34.34587177667376,0.0,0.0,0.0,0.0,2.4121888811351475,0.0,2.4121888811351475,0.0,0.0,0.0,5.5140021269053525,0.0,0.0,1.838000708968451,0.0,0.0,0.0
2010-05-01,0.0,0.0,0.0,20.135922330097088,0.0,0.0,0.0,0.0,0.0,0.0,41.39720558882235,0.0,0.0,0.0,0.0,0.0,0.0,45.17896571760605,0.0,0.0,0.0,4.906553110953395,0.0,0.0,34.34587177667376,0.0,0.0,0.0,0.0,2.4121888811351475,0.0,2.4121888811351475,0.0,0.0,0.0,7.352002835873804,0.0,0.0,1.838000708968451,0.0,0.0,0.0
2010-06-01,0.0,0.0,0.0,49.67383616244574,0.0,0.0,0.0,0.0,0.0,0.0,41.39720558882235,0.0,0.0,0.0,1.0,1.0,0.0,35.12783265543289,0.0,0.0,0.0,7.359829666430092,0.0,0.0,73.59829666430092,0.0,0.0,0.0,4.824377762270295,4.824377762270295,0.0,4.824377762270295,0.0,0.0,0.0,9.190003544842254,0.0,0.0,3.676001417936902,0.0,0.0,0.0
2010-07-01,36.2438322368421,0.0,0.0,26.84789644012945,0.0,0.0,0.0,47.24373576309795,0.0,0.0,133.54268969994328,0.0,0.0,0.0,1.0,1.0,0.0,31.1150493898896,0.0,0.0,0.0,12.266382777383487,0.0,0.0,34.34587177667376,0.0,0.0,0.0,9.64875552454059,4.824377762270295,0.0,9.64875552454059,0.0,0.0,0.0,11.028004253810705,0.0,0.0,5.5140021269053525,0.0,0.0,0.0
2010-08-01,0.0,0.0,0.0,54.941360713749496,0.0,0.0,24.975915221579964,0.0,0.0,0.0,222.8262999322178,0.0,0.0,0.0,2.0,0.0,0.0,39.12783265543289,0.0,0.0,0.0,14.719659332860184,0.0,0.0,31.892595221197066,0.0,0.0,0.0,4.824377762270295,2.4121888811351475,0.0,31.358455454756918,0.0,0.0,0.0,14.704005671747607,1.838000708968451,0.0,11.028004253810705,0.0,1.838000708968451,0.0
2010-09-01,0.0,0.0,0.0,78.58896607804908,0.0,0.0,0.0,0.0,41.39720558882235,0.0,176.37083222818885,0.0,0.0,0.0,1.0,1.0,0.0,36.1150493898896,0.0,1.0,3.012783265543289,12.266382777383487,0.0,0.0,26.98604211024367,0.0,0.0,0.0,4.824377762270295,7.2365666434054425,0.0,26.534077692486623,0.0,0.0,0.0,7.352002835873804,1.838000708968451,0.0,11.028004253810705,0.0,0.0,0.0
2010-10-01,31.97985197368421,0.0,0.0,58.141651789579356,0.0,0.0,0.0,0.0,0.0,0.0,82.7944111776447,0.0,0.0,20.698602794411176,0.0,1.0,0.0,29.10226612434631,0.0,0.0,0.0,4.906553110953395,0.0,0.0,22.079488999290277,0.0,0.0,0.0,2.4121888811351475,4.824377762270295,0.0,4.824377762270295,0.0,0.0,0.0,1.838000708968451,0.0,0.0,3.676001417936902,0.0,0.0,0.0
2010-11-01,0.0,0.0,0.0,113.08301250332886,0.0,0.0,0.0,0.0,0.0,0.0,186.3873908041513,0.0,0.0,0.0,0.0,0.0,0.0,42.14061592097618,0.0,0.0,0.0,2.4532765554766973,0.0,0.0,95.67778566359121,0.0,0.0,0.0,0.0,2.4121888811351475,0.0,9.64875552454059,0.0,0.0,0.0,1.838000708968451,0.0,0.0,33.08401276143211,0.0,0.0,0.0
2010-12-01,0.0,0.0,0.0,0.0,0.0,0.0,20.135922330097088,0.0,0.0,0.0,62.09580838323353,0.0,0.0,0.0,0.0,0.0,0.0,21.076699593259733,0.0,0.0,3.012783265543289,0.0,0.0,0.0,39.25242488762716,0.0,0.0,0.0,0.0,2.4121888811351475,0.0,2.4121888811351475,0.0,0.0,0.0,0.0,0.0,0.0,3.676001417936902,0.0,0.0,0.0
2011-01-01,0.0,0.0,0.0,68.36530893381422,0.0,0.0,13.423948220064725,0.0,0.0,0.0,86.42173635342809,0.0,0.0,0.0,0.0,1.0,0.0,15.038349796629866,0.0,0.0,0.0,0.0,0.0,0.0,24.53276555476697,0.0,0.0,0.0,0.0,0.0,0.0,2.4121888811351475,0.0,0.0,0.0,0.0,0.0,0.0,3.676001417936902,0.0,0.0,0.0
2011-02-01,0.0,16.625250501002004,0.0,56.385810272478096,0.0,0.0,13.423948220064725,0.0,0.0,0.0,82.12892553515846,0.0,0.0,0.0,0.0,0.0,0.0,11.025566531086579,0.0,0.0,0.0,2.4532765554766973,0.0,0.0,19.62621244381358,0.0,0.0,0.0,0.0,2.4121888811351475,0.0,2.4121888811351475,0.0,0.0,0.0,1.838000708968451,0.0,0.0,3.676001417936902,0.0,0.0,0.0
2011-03-01,0.0,0.0,0.0,40.894628576939475,0.0,0.0,20.135922330097088,0.0,0.0,0.0,41.39720558882235,0.0,0.0,0.0,0.0,0.0,0.0,10.025566531086579,0.0,1.0,0.0,0.0,0.0,0.0,14.719659332860184,0.0,0.0,0.0,0.0,2.4121888811351475,0.0,2.4121888811351475,0.0,0.0,0.0,1.838000708968451,0.0,0.0,1.838000708968451,0.0,0.0,0.0
2011-04-01,0.0,0.0,0.0,20.135922330097088,0.0,0.0,13.423948220064725,0.0,0.0,0.0,41.39720558882235,0.0,0.0,0.0,1.0,0.0,0.0,11.025566531086579,0.0,0.0,0.0,2.4532765554766973,0.0,0.0,17.17293588833688,0.0,0.0,0.0,0.0,2.4121888811351475,0.0,2.4121888811351475,0.0,0.0,0.0,3.676001417936902,0.0,0.0,1.838000708968451,0.0,0.0,0.0
2011-05-01,0.0,0.0,0.0,42.65047009404073,0.0,0.0,13.423948220064725,0.0,0.0,0.0,79.26705165631205,0.0,0.0,0.0,1.0,1.0,0.0,12.025566531086579,0.0,0.0,0.0,4.906553110953395,0.0,0.0,19.62621244381358,0.0,0.0,0.0,2.4121888811351475,2.4121888811351475,0.0,2.4121888811351475,0.0,0.0,0.0,5.5140021269053525,0.0,0.0,1.838000708968451,0.0,0.0,0.0
2011-06-01,17.05592105263158,0.0,0.0,37.694337501109615,0.0,0.0,13.423948220064725,0.0,0.0,0.0,62.09580838323353,0.0,0.0,0.0,2.0,1.0,0.0,10.025566531086579,0.0,0.0,0.0,9.81310622190679,0.0,0.0,78.50484977525431,0.0,0.0,0.0,2.4121888811351475,2.4121888811351475,0.0,2.4121888811351475,0.0,0.0,0.0,7.352002835873804,0.0,0.0,1.838000708968451,0.0,0.0,0.0
2011-07-01,0.0,0.0,0.0,0.0,0.0,0.0,0.0,57.17026497649205,0.0,0.0,95.00735798996735,0.0,18.044438495515994,0.0,2.0,1.0,0.0,10.025566531086579,0.0,0.0,0.0,12.266382777383487,0.0,0.0,14.719659332860184,0.0,0.0,0.0,2.4121888811351475,2.4121888811351475,0.0,2.4121888811351475,0.0,0.0,0.0,9.190003544842254,0.0,0.0,3.676001417936902,0.0,0.0,0.0
2011-08-01,0.0,0.0,0.0,26.84789644012945,0.0,0.0,13.423948220064725,17.59864234196012,0.0,0.0,82.12892553515846,0.0,0.0,0.0,2.0,0.0,0.0,11.025566531086579,0.0,3.0,0.0,17.17293588833688,0.0,0.0,14.719659332860184,0.0,0.0,0.0,4.824377762270295,2.4121888811351475,0.0,2.4121888811351475,0.0,0.0,0.0,12.866004962779156,0.0,0.0,3.676001417936902,0.0,0.0,0.0
2011-09-01,0.0,0.0,0.0,51.118285721174345,0.0,0.0,20.135922330097088,65.99490878235045,0.0,0.0,144.99018521532895,0.0,0.0,20.698602794411176,2.0,1.0,1.0,17.038349796629866,5.012783265543289,0.0,0.0,12.266382777383487,0.0,0.0,12.266382777383487,0.0,0.0,0.0,2.4121888811351475,2.4121888811351475,0.0,2.4121888811351475,0.0,0.0,0.0,9.190003544842254,0.0,0.0,3.676001417936902,0.0,0.0,0.0
2011-10-01,0.0,0.0,0.0,26.84789644012945,0.0,0.0,0.0,21.998302927450148,16.656404765091686,0.0,82.12892553515846,0.0,0.0,20.698602794411176,1.0,0.0,0.0,11.025566531086579,0.0,0.0,0.0,4.906553110953395,0.0,0.0,17.17293588833688,0.0,0.0,0.0,2.4121888811351475,0.0,0.0,2.4121888811351475,0.0,0.0,0.0,3.676001417936902,0.0,0.0,1.838000708968451,0.0,0.0,0.0
2011-11-01,0.0,0.0,0.0,39.13878705983822,0.0,0.0,13.423948220064725,0.0,16.656404765091686,0.0,59.99938580132408,0.0,0.0,0.0,1.0,0.0,0.0,15.038349796629866,0.0,0.0,0.0,2.4532765554766973,0.0,0.0,26.98604211024367,0.0,0.0,0.0,0.0,0.0,0.0,2.4121888811351475,0.0,0.0,0.0,1.838000708968451,0.0,0.0,1.838000708968451,0.0,0.0,0.0
2011-12-01,0.0,0.0,0.0,25.714838839773495,0.0,0.0,0.0,0.0,0.0,0.0,58.56844886190087,0.0,0.0,0.0,0.0,0.0,0.0,12.025566531086579,0.0,0.0,0.0,0.0,0.0,0.0,34.34587177667376,0.0,0.0,0.0,0.0,0.0,0.0,2.4121888811351475,0.0,0.0,0.0,0.0,0.0,0.0,1.838000708968451,0.0,0.0,0.0
2012-01-01,0.0,0.0,0.0,54.62996875537685,0.0,0.0,13.423948220064725,0.0,0.0,0.0,83.55986247458168,0.0,0.0,0.0,1.0,1.0,0.0,16.038349796629866,0.0,0.0,0.0,0.0,0.0,0.0,58.878637331440736,0.0,0.0,0.0,0.0,0.0,0.0,2.4121888811351475,0.0,0.0,0.0,1.838000708968451,0.0,0.0,18.380007089684508,0.0,0.0,0.0
2012-02-01,0.0,0.0,0.0,44.40631161114198,0.0,0.0,13.423948220064725,0.0,0.0,0.0,79.26705165631205,0.0,0.0,0.0,0.0,1.0,0.0,16.038349796629866,0.0,0.0,0.0,0.0,0.0,0.0,24.53276555476697,0.0,0.0,0.0,0.0,2.4121888811351475,0.0,2.4121888811351475,0.0,0.0,0.0,0.0,0.0,0.0,3.676001417936902,0.0,0.0,0.0
2012-03-01,0.0,0.0,0.0,25.714838839773495,0.0,0.0,13.423948220064725,0.0,0.0,0.0,103.16394753651758,0.0,0.0,0.0,1.0,0.0,0.0,16.038349796629866,0.0,0.0,0.0,0.0,0.0,0.0,19.62621244381358,0.0,0.0,0.0,0.0,4.824377762270295,0.0,2.4121888811351475,0.0,0.0,0.0,1.838000708968451,0.0,0.0,1.838000708968451,0.0,0.0,0.0
2012-04-01,0.0,0.0,0.0,54.9413607137495,0.0,0.0,13.423948220064725,0.0,0.0,0.0,114.27502384495531,0.0,0.0,0.0,3.0,1.0,0.0,16.038349796629866,0.0,0.0,0.0,2.4532765554766973,0.0,0.0,17.17293588833688,0.0,0.0,0.0,2.4121888811351475,2.4121888811351475,0.0,2.4121888811351475,0.0,0.0,0.0,1.838000708968451,0.0,0.0,3.676001417936902,0.0,0.0,0.0
2012-05-01,12.791940789473685,12.468937875751504,0.0,47.917994645344486,0.0,0.0,13.423948220064725,29.409576282734605,0.0,0.0,41.39720558882235,0.0,0.0,0.0,9.0,0.0,0.0,17.038349796629866,0.0,0.0,0.0,4.906553110953395,0.0,0.0,22.079488999290277,0.0,0.0,0.0,4.824377762270295,2.4121888811351475,0.0,2.4121888811351475,0.0,0.0,0.0,5.5140021269053525,0.0,0.0,1.838000708968451,0.0,0.0,0.0
2012-06-01,0.0,0.0,0.0,52.87412723827559,0.0,0.0,0.0,50.01983139448916,0.0,0.0,58.56844886190087,0.0,0.0,0.0,4.0,1.0,0.0,12.025566531086579,0.0,0.0,0.0,9.81310622190679,0.0,0.0,73.59829666430092,0.0,0.0,0.0,7.2365666434054425,2.4121888811351475,0.0,2.4121888811351475,0.0,0.0,0.0,7.352002835873804,0.0,0.0,3.676001417936902,0.0,0.0,0.0
2012-07-01,56.89453996237855,0.0,0.0,64.85362589961171,0.0,0.0,20.135922330097088,85.42735283774817,0.0,0.0,93.57642105054414,0.0,0.0,20.698602794411176,10.0,1.0,0.0,17.038349796629866,0.0,0.0,0.0,9.81310622190679,0.0,0.0,34.34587177667376,0.0,0.0,0.0,9.64875552454059,4.824377762270295,0.0,4.824377762270295,0.0,0.0,0.0,9.190003544842254,0.0,0.0,5.5140021269053525,0.0,0.0,0.0
2012-08-01,25.58388157894737,0.0,0.0,58.141651789579356,0.0,16.220020855057353,13.423948220064725,65.49846735903789,20.698602794411176,0.0,114.27502384495531,0.0,19.4324722259403,0.0,10.0,1.0,0.0,18.038349796629866,7.025566531086578,2.0,0.0,12.266382777383487,0.0,0.0,19.62621244381358,0.0,0.0,0.0,16.885322167946033,7.2365666434054425,0.0,4.824377762270295,0.0,0.0,0.0,11.028004253810705,0.0,0.0,9.190003544842254,0.0,1.838000708968451,0.0
2012-09-01,0.0,0.0,0.0,49.67383616244574,0.0,0.0,13.423948220064725,43.97128322002196,0.0,0.0,100.7311057476602,0.0,0.0,0.0,5.0,1.0,0.0,23.051133062173157,0.0,1.0,0.0,7.359829666430092,0.0,0.0,19.62621244381358,0.0,0.0,0.0,4.824377762270295,2.4121888811351475,0.0,4.824377762270295,0.0,0.0,0.0,7.352002835873804,0.0,0.0,3.676001417936902,0.0,0.0,0.0
2012-10-01,0.0,0.0,0.0,49.67383616244574,0.0,0.0,20.135922330097088,21.998302927450148,0.0,0.0,92.14548411112094,0.0,0.0,0.0,2.0,1.0,0.0,21.051133062173157,0.0,0.0,0.0,4.906553110953395,0.0,0.0,17.17293588833688,0.0,0.0,0.0,2.4121888811351475,2.4121888811351475,0.0,2.4121888811351475,0.0,0.0,0.0,3.676001417936902,0.0,0.0,3.676001417936902,0.0,0.0,0.0
2012-11-01,0.0,0.0,0.0,80.34480759515034,0.0,0.0,13.423948220064725,13.19898175647009,16.656404765091686,0.0,191.4456529193579,0.0,0.0,20.698602794411176,2.0,1.0,0.0,50.1150493898896,0.0,2.0,0.0,2.4532765554766973,0.0,0.0,24.532765554766975,0.0,0.0,0.0,0.0,0.0,0.0,2.4121888811351475,0.0,0.0,0.0,1.838000708968451,0.0,0.0,3.676001417936902,0.0,0.0,0.0
2012-12-01,0.0,0.0,0.0,78.58896607804908,0.0,0.0,13.423948220064725,0.0,0.0,0.0,134.30814099688024,0.0,12.492303573818766,20.698602794411176,1.0,0.0,0.0,33.07669959325973,0.0,0.0,0.0,0.0,0.0,0.0,36.79914833215046,0.0,0.0,0.0,0.0,0.0,0.0,2.4121888811351475,0.0,0.0,0.0,0.0,0.0,0.0,3.676001417936902,0.0,0.0,0.0
2013-01-01,0.0,0.0,0.0,97.59183080779022,0.0,0.0,13.423948220064725,0.0,0.0,0.0,146.42112215475217,0.0,0.0,20.698602794411176,1.0,0.0,0.0,28.063916327716445,0.0,0.0,0.0,0.0,0.0,0.0,39.25242488762716,0.0,0.0,0.0,0.0,2.4121888811351475,0.0,2.4121888811351475,0.0,0.0,0.0,0.0,0.0,0.0,3.676001417936902,0.0,0.0,0.0
2013-02-01,0.0,0.0,0.0,59.8974933066806,0.0,0.0,13.423948220064725,0.0,0.0,0.0,102.1620426870834,0.0,0.0,0.0,0.0,1.0,0.0,22.051133062173157,0.0,0.0,0.0,0.0,0.0,0.0,26.98604211024367,0.0,0.0,0.0,0.0,0.0,0.0,2.4121888811351475,0.0,0.0,0.0,0.0,0.0,0.0,1.838000708968451,0.0,0.0,0.0
2013-03-01,0.0,0.0,0.0,77.14451651932049,0.0,0.0,13.423948220064725,0.0,0.0,0.0,102.1620426870834,0.0,0.0,20.698602794411176,1.0,0.0,0.0,22.051133062173157,0.0,0.0,0.0,0.0,0.0,0.0,19.62621244381358,0.0,0.0,0.0,0.0,0.0,0.0,4.824377762270295,0.0,0.0,0.0,1.838000708968451,0.0,0.0,3.676001417936902,0.0,0.0,0.0
2013-04-01,0.0,0.0,0.0,70.43254240928812,0.0,0.0,6.711974110032362,0.0,0.0,0.0,166.02520721668807,0.0,0.0,0.0,1.0,1.0,0.0,23.051133062173157,0.0,0.0,0.0,2.4532765554766973,0.0,0.0,24.53276555476697,0.0,0.0,0.0,0.0,0.0,0.0,4.824377762270295,0.0,0.0,0.0,1.838000708968451,0.0,0.0,7.352002835873804,0.0,0.0,0.0
2013-05-01,10.659950657894736,0.0,0.0,35.93849598400836,0.0,0.0,13.423948220064725,13.19898175647009,0.0,0.0,170.74705012494672,0.0,0.0,0.0,1.0,1.0,0.0,16.038349796629866,0.0,0.0,0.0,2.4532765554766973,0.0,0.0,22.079488999290277,0.0,0.0,0.0,4.824377762270295,2.4121888811351475,0.0,4.824377762270295,0.0,0.0,0.0,3.676001417936902,0.0,0.0,3.676001417936902,0.0,0.0,0.0
2013-06-01,19.187911184210527,0.0,9.092060399415491,70.12115045091548,6.711974110032362,0.0,13.423948220064725,76.6280316667681,20.698602794411176,0.0,147.8520590941754,0.0,0.0,0.0,8.0,1.0,0.0,23.051133062173157,0.0,1.0,0.0,7.359829666430092,0.0,0.0,80.95812633073102,0.0,0.0,0.0,9.64875552454059,2.4121888811351475,0.0,4.824377762270295,0.0,0.0,0.0,5.5140021269053525,1.838000708968451,0.0,5.5140021269053525,0.0,0.0,0.0
2013-07-01,8.52796052631579,0.0,0.0,99.03628036651884,0.0,0.0,0.0,137.07074918633614,20.698602794411176,0.0,153.5758068518682,0.0,0.0,0.0,12.0,0.0,0.0,32.07669959325973,0.0,1.0,0.0,12.266382777383487,0.0,0.0,24.53276555476697,0.0,0.0,0.0,21.709699930216328,4.824377762270295,0.0,4.824377762270295,0.0,0.0,0.0,7.352002835873804,0.0,0.0,5.5140021269053525,0.0,0.0,0.0
2013-08-01,0.0,0.0,0.0,66.60946741671297,0.0,0.0,13.423948220064725,351.030468409621,41.39720558882235,0.0,248.58316484183558,0.0,0.0,20.698602794411176,8.0,1.0,0.0,27.063916327716445,0.0,1.0,0.0,14.719659332860184,0.0,0.0,24.532765554766975,0.0,0.0,0.0,14.473133286810885,2.4121888811351475,0.0,7.2365666434054425,0.0,0.0,0.0,11.028004253810705,0.0,0.0,7.352002835873804,0.0,0.0,0.0
2013-09-01,8.52796052631579,0.0,0.0,61.65333482378186,0.0,0.0,13.423948220064725,111.1186240827657,12.492303573818766,0.0,136.69807957673873,0.0,0.0,0.0,3.0,1.0,0.0,28.063916327716445,0.0,1.0,0.0,9.81310622190679,0.0,0.0,19.62621244381358,0.0,0.0,0.0,4.824377762270295,2.4121888811351475,0.0,4.824377762270295,0.0,0.0,0.0,7.352002835873804,0.0,0.0,7.352002835873804,0.0,0.0,0.0
2013-10-01,0.0,0.0,0.0,58.141651789579356,0.0,0.0,13.423948220064725,39.59694526941027,0.0,0.0,212.9097070107061,0.0,0.0,11.104269843394459,4.0,1.0,0.0,21.051133062173157,0.0,0.0,0.0,4.906553110953395,0.0,0.0,17.17293588833688,0.0,0.0,0.0,2.4121888811351475,0.0,0.0,4.824377762270295,0.0,0.0,0.0,3.676001417936902,0.0,0.0,3.676001417936902,0.0,0.0,0.0
2013-11-01,0.0,7.5144927536231885,0.0,54.62996875537685,0.0,0.0,13.423948220064725,61.59524819686042,20.698602794411176,0.0,151.05035217996976,0.0,0.0,0.0,1.0,0.0,0.0,20.051133062173157,0.0,0.0,0.0,2.4532765554766973,0.0,0.0,26.98604211024367,0.0,0.0,0.0,0.0,0.0,0.0,4.824377762270295,0.0,0.0,0.0,1.838000708968451,0.0,0.0,3.676001417936902,0.0,0.0,0.0
2013-12-01,0.0,0.0,0.0,42.65047009404073,0.0,0.0,13.423948220064725,16.656404765091686,0.0,0.0,92.14548411112094,0.0,0.0,20.698602794411176,1.0,0.0,0.0,16.038349796629866,0.0,0.0,0.0,0.0,0.0,0.0,24.53276555476697,0.0,0.0,0.0,0.0,2.4121888811351475,0.0,4.824377762270295,0.0,0.0,2.4121888811351475,0.0,0.0,0.0,3.676001417936902,0.0,0.0,0.0
2014-01-01,14.923930921052632,0.0,0.0,82.1006491122516,0.0,0.0,13.423948220064725,21.998302927450148,20.698602794411176,0.0,118.56783466322494,0.0,0.0,20.698602794411176,21.0,1.0,0.0,21.051133062173157,0.0,0.0,0.0,0.0,0.0,0.0,36.79914833215046,0.0,0.0,0.0,0.0,4.824377762270295,0.0,4.824377762270295,0.0,0.0,0.0,0.0,0.0,0.0,3.676001417936902,0.0,0.0,0.0
2014-02-01,0.0,0.0,0.0,54.62996875537685,0.0,0.0,13.423948220064725,0.0,20.698602794411176,0.0,114.27502384495531,0.0,0.0,20.698602794411176,2.0,1.0,0.0,17.038349796629866,0.0,0.0,0.0,0.0,0.0,0.0,29.439318665720368,0.0,0.0,0.0,0.0,4.824377762270295,0.0,4.824377762270295,0.0,0.0,0.0,1.838000708968451,0.0,0.0,1.838000708968451,0.0,0.0,0.0
2014-03-01,0.0,0.0,0.0,49.67383616244574,0.0,0.0,13.423948220064725,17.59864234196012,20.698602794411176,0.0,92.14548411112094,0.0,0.0,20.698602794411176,3.0,1.0,0.0,17.038349796629866,0.0,0.0,0.0,2.4532765554766973,0.0,0.0,19.62621244381358,0.0,0.0,0.0,2.4121888811351475,4.824377762270295,0.0,4.824377762270295,0.0,0.0,0.0,1.838000708968451,0.0,0.0,3.676001417936902,0.0,0.0,0.0
2014-04-01,0.0,0.0,0.0,54.9413607137495,0.0,0.0,13.423948220064725,35.19728468392024,33.190906368229946,0.0,147.8520590941754,0.0,0.0,20.698602794411176,5.0,1.0,0.0,21.051133062173157,0.0,0.0,0.0,4.906553110953395,2.4532765554766973,0.0,19.62621244381358,0.0,0.0,0.0,2.4121888811351475,4.824377762270295,0.0,4.824377762270295,0.0,0.0,0.0,3.676001417936902,0.0,0.0,3.676001417936902,0.0,0.0,0.0
2014-05-01,0.0,0.0,0.0,44.40631161114198,0.0,0.0,20.135922330097088,51.40787921018476,41.39720558882235,13.880337304243074,143.55924827590576,0.0,0.0,20.698602794411176,4.0,1.0,0.0,20.051133062173157,0.0,0.0,0.0,4.906553110953395,2.4532765554766973,0.0,26.98604211024367,0.0,0.0,0.0,4.824377762270295,9.64875552454059,0.0,4.824377762270295,0.0,0.0,0.0,3.676001417936902,1.838000708968451,0.0,5.5140021269053525,0.0,0.0,0.0
2014-06-01,8.52796052631579,15.028985507246377,0.0,78.90035803642175,0.0,0.0,0.0,142.38735288435885,82.7944111776447,0.0,156.43768073071465,0.0,0.0,0.0,5.0,4.0,0.0,25.063916327716445,0.0,1.0,0.0,12.266382777383487,14.719659332860186,0.0,88.3179559971611,0.0,0.0,0.0,26.534077692486623,28.94626657362177,0.0,7.2365666434054425,0.0,0.0,0.0,5.5140021269053525,3.676001417936902,0.0,3.676001417936902,0.0,0.0,0.0
2014-07-01,8.52796052631579,24.046376811594204,0.0,80.34480759515034,0.0,0.0,13.423948220064725,154.19828682513332,124.19161676646706,0.0,127.1534562997642,0.0,0.0,0.0,7.0,5.0,1.0,21.051133062173157,0.0,1.0,0.0,14.719659332860184,17.17293588833688,0.0,34.34587177667376,0.0,0.0,0.0,33.770644335892065,33.770644335892065,0.0,7.2365666434054425,0.0,0.0,0.0,9.190003544842254,5.5140021269053525,0.0,7.352002835873804,0.0,0.0,0.0
2014-08-01,12.791940789473685,12.023188405797102,0.0,92.6356982148591,0.0,0.0,0.0,108.83898395995837,62.09580838323353,0.0,142.12831133648254,0.0,0.0,20.698602794411176,17.0,3.0,0.0,27.063916327716445,0.0,1.0,0.0,17.17293588833688,12.266382777383487,0.0,26.986042110243673,0.0,0.0,0.0,28.94626657362177,21.709699930216328,0.0,14.473133286810885,0.0,0.0,0.0,11.028004253810705,9.190003544842254,0.0,11.028004253810705,0.0,0.0,0.0
2014-09-01,0.0,13.52608695652174,0.0,90.5684647393852,0.0,0.0,6.711974110032362,63.900182784003526,41.39720558882235,0.0,146.42112215475217,0.0,0.0,20.698602794411176,6.0,6.0,0.0,27.063916327716445,0.0,1.0,0.0,12.266382777383487,14.719659332860186,0.0,24.532765554766975,0.0,0.0,0.0,19.29751104908118,12.060944405675738,0.0,7.2365666434054425,0.0,0.0,0.0,7.352002835873804,3.676001417936902,0.0,16.542006380716057,0.0,0.0,0.0
2014-10-01,14.923930921052632,9.017391304347827,0.0,59.8974933066806,0.0,8.110010427528676,6.711974110032362,43.996605854900295,62.09580838323353,0.0,175.7053465857026,0.0,0.0,20.698602794411176,4.0,7.0,0.0,21.051133062173157,0.0,0.0,0.0,12.266382777383487,14.719659332860186,0.0,22.079488999290277,0.0,0.0,0.0,12.060944405675738,14.473133286810885,0.0,14.473133286810885,0.0,0.0,0.0,3.676001417936902,1.838000708968451,0.0,7.352002835873804,0.0,0.0,0.0
2014-11-01,0.0,36.06956521739131,0.0,49.67383616244574,0.0,21.626694473409803,6.711974110032362,13.19898175647009,56.665576623489734,0.0,122.86064548149457,0.0,0.0,20.698602794411176,2.0,6.0,0.0,16.038349796629866,0.0,0.0,0.0,2.4532765554766973,7.359829666430092,0.0,26.98604211024367,0.0,0.0,0.0,4.824377762270295,7.2365666434054425,0.0,4.824377762270295,0.0,0.0,0.0,1.838000708968451,1.838000708968451,0.0,3.676001417936902,0.0,0.0,0.0
2014-12-01,0.0,18.034782608695654,0.0,44.40631161114198,0.0,0.0,13.423948220064725,0.0,55.27754289306543,0.0,90.71454717169772,0.0,0.0,0.0,1.0,6.0,1.0,16.038349796629866,0.0,0.0,0.0,2.4532765554766973,7.359829666430092,0.0,22.079488999290277,0.0,0.0,0.0,2.4121888811351475,4.824377762270295,0.0,2.4121888811351475,0.0,0.0,0.0,0.0,1.838000708968451,0.0,1.838000708968451,0.0,0.0,0.0
2015-01-01,0.0,27.05217391304348,0.0,90.5684647393852,0.0,0.0,13.423948220064725,0.0,62.09580838323353,0.0,104.6806908939386,0.0,0.0,0.0,1.0,9.0,0.0,20.051133062173157,0.0,0.0,0.0,0.0,14.719659332860186,0.0,34.34587177667376,0.0,0.0,0.0,0.0,4.824377762270295,0.0,2.4121888811351475,0.0,0.0,0.0,0.0,1.838000708968451,0.0,1.838000708968451,0.0,0.0,0.0
2015-02-01,0.0,9.017391304347827,0.0,92.32430625648647,0.0,0.0,13.423948220064725,0.0,20.698602794411176,0.0,95.00735798996735,0.0,0.0,20.698602794411176,1.0,3.0,0.0,34.07669959325973,0.0,0.0,0.0,2.4532765554766973,4.906553110953395,0.0,22.079488999290277,0.0,0.0,0.0,0.0,2.4121888811351475,0.0,2.4121888811351475,0.0,0.0,0.0,0.0,0.0,0.0,1.838000708968451,0.0,0.0,0.0
2015-03-01,0.0,10.520289855072464,0.0,51.42967767954699,0.0,0.0,13.423948220064725,0.0,20.698602794411176,0.0,112.84408690553211,0.0,0.0,0.0,2.0,3.0,0.0,20.051133062173157,0.0,0.0,0.0,2.4532765554766973,4.906553110953395,0.0,19.62621244381358,0.0,0.0,0.0,0.0,2.4121888811351475,0.0,2.4121888811351475,0.0,0.0,0.0,1.838000708968451,0.0,0.0,3.676001417936902,0.0,0.0,0.0
2015-04-01,0.0,0.0,0.0,54.62996875537685,0.0,0.0,13.423948220064725,13.19898175647009,20.698602794411176,0.0,112.84408690553211,0.0,0.0,0.0,3.0,2.0,0.0,22.051133062173157,0.0,2.0,0.0,4.906553110953395,4.906553110953395,0.0,26.986042110243673,0.0,0.0,0.0,2.4121888811351475,2.4121888811351475,0.0,2.4121888811351475,0.0,0.0,0.0,1.838000708968451,1.838000708968451,0.0,3.676001417936902,0.0,0.0,0.0
2015-05-01,0.0,0.0,0.0,44.40631161114198,0.0,0.0,13.423948220064725,42.608558039204695,20.698602794411176,0.0,119.99877160264816,0.0,0.0,20.698602794411176,6.0,2.0,0.0,21.051133062173157,0.0,0.0,0.0,9.81310622190679,7.359829666430092,0.0,22.079488999290277,0.0,0.0,0.0,9.64875552454059,4.824377762270295,0.0,2.4121888811351475,0.0,0.0,0.0,5.5140021269053525,1.838000708968451,0.0,3.676001417936902,0.0,0.0,0.0
2015-06-01,19.187911184210527,0.0,0.0,56.385810272478096,0.0,33.42209168200152,13.423948220064725,96.08581244231544,20.698602794411176,0.0,118.56783466322494,0.0,0.0,20.698602794411176,9.0,2.0,0.0,20.051133062173157,0.0,0.0,0.0,14.719659332860184,4.906553110953395,0.0,78.50484977525431,0.0,0.0,0.0,26.534077692486623,7.2365666434054425,0.0,4.824377762270295,0.0,0.0,0.0,7.352002835873804,1.838000708968451,0.0,3.676001417936902,0.0,0.0,0.0
2015-07-01,23.45189144736842,0.0,0.0,54.62996875537685,0.0,8.110010427528676,13.423948220064725,199.81845763413247,62.09580838323353,0.0,192.11113856184414,0.0,0.0,0.0,14.0,2.0,0.0,22.051133062173157,0.0,0.0,0.0,24.532765554766975,4.906553110953395,0.0,24.532765554766975,0.0,0.0,0.0,31.358455454756918,7.2365666434054425,0.0,4.824377762270295,0.0,0.0,0.0,11.028004253810705,1.838000708968451,0.0,11.028004253810705,0.0,0.0,0.0
2015-08-01,23.45189144736842,17.793836949260843,0.0,59.8974933066806,0.0,8.110010427528676,13.423948220064725,260.4714823393958,41.39720558882235,0.0,200.6967601983834,0.0,0.0,20.698602794411176,24.0,3.0,0.0,23.051133062173157,0.0,1.0,0.0,76.05157321977762,51.51880766501065,0.0,22.079488999290277,0.0,0.0,0.0,38.59502209816236,7.2365666434054425,0.0,9.64875552454059,0.0,0.0,9.64875552454059,12.866004962779156,1.838000708968451,0.0,53.302020560085076,0.0,0.0,0.0
2015-09-01,0.0,0.0,0.0,80.34480759515034,0.0,0.0,13.423948220064725,78.25163887668081,20.698602794411176,0.0,144.99018521532895,0.0,0.0,20.698602794411176,8.0,2.0,0.0,20.051133062173157,0.0,1.0,0.0,49.06553110953395,9.81310622190679,0.0,24.532765554766975,0.0,0.0,0.0,12.060944405675738,7.2365666434054425,0.0,4.824377762270295,0.0,0.0,0.0,7.352002835873804,1.838000708968451,0.0,12.866004962779156,0.0,0.0,0.0
2015-10-01,0.0,7.5144927536231885,0.0,58.141651789579356,0.0,0.0,13.423948220064725,17.59864234196012,20.698602794411176,0.0,123.90545353992766,0.0,0.0,0.0,3.0,2.0,0.0,21.051133062173157,0.0,0.0,3.012783265543289,17.17293588833688,2.4532765554766973,0.0,14.719659332860184,0.0,0.0,0.0,4.824377762270295,2.4121888811351475,0.0,2.4121888811351475,0.0,0.0,0.0,1.838000708968451,0.0,0.0,3.676001417936902,0.0,0.0,0.0
2015-11-01,0.0,0.0,0.0,47.60660268697183,0.0,0.0,36.83826252876143,0.0,20.698602794411176,0.0,142.12831133648254,0.0,0.0,20.698602794411176,3.0,1.0,0.0,21.051133062173157,0.0,0.0,5.1064638631608945,7.359829666430092,2.4532765554766973,0.0,19.62621244381358,0.0,0.0,2.4532765554766973,2.4121888811351475,2.4121888811351475,0.0,2.4121888811351475,0.0,0.0,0.0,1.838000708968451,0.0,0.0,3.676001417936902,0.0,0.0,0.0
2015-12-01,0.0,0.0,9.017391304347827,82.1006491122516,0.0,0.0,36.83826252876143,0.0,20.698602794411176,0.0,137.8355005182129,0.0,0.0,109.33954414633149,2.0,1.0,0.0,26.063916327716445,0.0,0.0,8.119247128704183,2.4532765554766973,2.4532765554766973,0.0,26.98604211024367,0.0,0.0,4.906553110953395,2.4121888811351475,2.4121888811351475,0.0,2.4121888811351475,0.0,0.0,4.824377762270295,0.0,0.0,0.0,3.676001417936902,0.0,0.0,3.676001417936902
2016-01-01,14.923930921052632,0.0,0.0,109.2599375107537,0.0,0.0,979.8124286809959,33.80923686822464,78.87411631027865,0.0,193.54207550126733,0.0,0.0,2685.6554999340724,8.0,2.0,0.0,29.076699593259733,0.0,0.0,289.8220827199264,7.359829666430092,4.906553110953395,0.0,34.34587177667376,0.0,0.0,225.70144310385615,4.824377762270295,4.824377762270295,0.0,4.824377762270295,0.0,0.0,82.01442195859502,1.838000708968451,1.838000708968451,0.0,5.5140021269053525,0.0,0.0,176.44806806097128
2016-02-01,0.0,0.0,0.0,64.85362589961171,0.0,0.0,1190.6964476120993,100.72103242202257,20.698602794411176,0.0,242.4732882031526,0.0,0.0,4455.668935477564,8.0,2.0,0.0,25.063916327716445,0.0,0.0,522.1147893041775,12.266382777383487,4.906553110953395,0.0,26.986042110243673,0.0,0.0,338.5521646557842,4.824377762270295,4.824377762270295,0.0,4.824377762270295,0.0,0.0,164.02884391719004,1.838000708968451,1.838000708968451,3.676001417936902,5.5140021269053525,0.0,0.0,218.72208436724566
2016-03-01,0.0,0.0,0.0,58.141651789579356,0.0,0.0,237.57672521839982,13.19898175647009,20.698602794411176,0.0,136.4045635787897,0.0,0.0,948.5052219024366,2.0,1.0,0.0,22.051133062173157,0.0,0.0,83.79710240819192,4.906553110953395,2.4532765554766973,0.0,19.62621244381358,0.0,0.0,88.3179559971611,2.4121888811351475,2.4121888811351475,0.0,2.4121888811351475,0.0,0.0,38.59502209816236,1.838000708968451,0.0,0.0,3.676001417936902,0.0,0.0,38.59801488833747
2016-04-01,12.791940789473685,0.0,0.0,58.141651789579356,0.0,0.0,207.45043679967077,43.054368278031866,20.698602794411176,0.0,114.27502384495531,0.0,0.0,675.7641323565076,3.0,1.0,0.0,20.051133062173157,0.0,0.0,54.077421897152234,7.359829666430092,2.4532765554766973,0.0,17.17293588833688,0.0,0.0,39.25242488762716,2.4121888811351475,2.4121888811351475,0.0,2.4121888811351475,0.0,0.0,21.709699930216328,3.676001417936902,0.0,0.0,3.676001417936902,0.0,0.0,23.89400921658986
2016-05-01,8.52796052631579,0.0,0.0,44.40631161114198,0.0,0.0,229.65359260524178,71.31147022455927,20.698602794411176,0.0,114.27502384495531,0.0,0.0,750.5247364041848,11.0,1.0,0.0,16.038349796629866,0.0,0.0,86.80988567373521,12.266382777383487,2.4532765554766973,0.0,22.079488999290277,0.0,0.0,88.3179559971611,12.060944405675738,2.4121888811351475,0.0,2.4121888811351475,0.0,0.0,21.709699930216328,3.676001417936902,0.0,0.0,3.676001417936902,0.0,0.0,27.57001063452676
2016-06-01,14.923930921052632,0.0,0.0,35.93849598400836,0.0,0.0,185.75291355669043,134.5302833755185,20.698602794411176,0.0,90.71454717169772,0.0,0.0,685.5056629338135,24.0,1.0,0.0,19.051133062173157,0.0,0.0,74.50327734979581,31.892595221197066,2.4532765554766973,0.0,71.14502010882423,0.0,0.0,100.58433877454459,19.29751104908118,2.4121888811351475,0.0,2.4121888811351475,0.0,0.0,21.709699930216328,5.5140021269053525,0.0,0.0,3.676001417936902,0.0,0.0,29.40801134349521
2016-07-01,23.45189144736842,0.0,0.0,46.16215312824323,0.0,0.0,254.2790654170642,342.46677705921456,20.698602794411176,0.0,115.70596078437853,0.0,0.0,1320.7264514251679,24.0,1.0,0.0,20.051133062173157,0.0,1.0,77.5160606153391,26.98604211024367,2.4532765554766973,0.0,14.719659332860184,0.0,0.0,78.50484977525431,48.24377762270295,4.824377762270295,0.0,4.824377762270295,0.0,0.0,31.358455454756918,9.190003544842254,1.838000708968451,0.0,3.676001417936902,0.0,0.0,45.95001772421127
2016-08-01,23.45189144736842,0.0,0.0,82.1006491122516,0.0,10.813347236704901,366.3554539162318,129.18839929843136,20.698602794411176,0.0,128.58439323918742,0.0,0.0,1323.767590104529,16.0,2.0,0.0,24.063916327716445,0.0,0.0,139.79362697326985,29.439318665720368,2.4532765554766973,0.0,12.266382777383487,0.0,0.0,58.87863733144074,24.121888811351475,2.4121888811351475,0.0,4.824377762270295,0.0,0.0,31.358455454756918,9.190003544842254,0.0,0.0,7.352002835873804,0.0,0.0,45.95001772421127
2016-09-01,10.659950657894736,10.520289855072464,0.0,52.87412723827559,0.0,0.0,204.17204482107115,81.94463536479081,20.698602794411176,0.0,95.67284363245359,0.0,0.0,768.3000741114581,10.0,2.0,0.0,20.051133062173157,0.0,1.0,75.4223800177215,17.17293588833688,2.4532765554766973,0.0,14.719659332860184,0.0,0.0,31.892595221197066,9.64875552454059,2.4121888811351475,0.0,2.4121888811351475,0.0,0.0,16.885322167946033,5.5140021269053525,1.838000708968451,0.0,5.5140021269053525,0.0,0.0,22.05600850762141
2016-10-01,0.0,0.0,0.0,42.65047009404073,6.711974110032362,0.0,167.3337822923097,17.59864234196012,0.0,0.0,109.98221302668568,0.0,15.26837103466738,505.300515142835,4.0,1.0,0.0,20.051133062173157,3.012783265543289,0.0,44.783596838756125,12.266382777383487,2.4532765554766973,0.0,12.266382777383487,0.0,0.0,17.17293588833688,2.4121888811351475,2.4121888811351475,0.0,2.4121888811351475,0.0,0.0,9.64875552454059,1.838000708968451,0.0,0.0,3.676001417936902,0.0,0.0,11.028004253810705
2016-11-01,0.0,0.0,0.0,37.38294554273697,0.0,0.0,108.79799652056792,12.492303573818766,20.698602794411176,0.0,77.83611471688884,0.0,0.0,395.96097099650353,3.0,1.0,0.0,16.038349796629866,0.0,0.0,38.75803030766955,2.4532765554766973,2.4532765554766973,0.0,12.266382777383487,0.0,0.0,12.266382777383487,2.4121888811351475,2.4121888811351475,0.0,2.4121888811351475,0.0,0.0,9.64875552454059,0.0,0.0,0.0,1.838000708968451,0.0,0.0,7.352002835873804
2016-12-01,0.0,0.0,0.0,41.20602053531212,0.0,0.0,90.37886525618723,0.0,34.57894009865425,0.0,62.09580838323353,0.0,0.0,351.6405003205434,1.0,1.0,0.0,15.038349796629866,0.0,0.0,33.65156644450866,2.4532765554766973,0.0,0.0,14.719659332860186,0.0,0.0,9.81310622190679,0.0,0.0,0.0,2.4121888811351475,0.0,0.0,7.2365666434054425,0.0,0.0,0.0,1.838000708968451,0.0,0.0,7.352002835873804
2017-01-01,0.0,0.0,0.0,40.894628576939475,0.0,0.0,107.08120545485156,0.0,0.0,0.0,111.4131499661089,0.0,0.0,419.58283887805254,1.0,1.0,0.0,16.038349796629866,0.0,0.0,38.75803030766955,2.4532765554766973,2.4532765554766973,0.0,19.62621244381358,0.0,0.0,9.81310622190679,0.0,2.4121888811351475,0.0,2.4121888811351475,0.0,0.0,7.2365666434054425,0.0,0.0,0.0,1.838000708968451,0.0,0.0,5.5140021269053525
2017-02-01,0.0,0.0,0.0,46.16215312824323,0.0,0.0,78.67170810183886,0.0,0.0,0.0,118.56783466322494,0.0,0.0,437.35817658532596,1.0,1.0,0.0,15.038349796629866,0.0,0.0,31.557885846891054,2.4532765554766973,0.0,0.0,17.17293588833688,0.0,0.0,9.81310622190679,2.4121888811351475,2.4121888811351475,0.0,12.060944405675738,0.0,0.0,7.2365666434054425,0.0,0.0,0.0,1.838000708968451,0.0,0.0,5.5140021269053525
2017-03-01,0.0,0.0,0.0,58.141651789579356,0.0,0.0,66.96455094749051,0.0,20.698602794411176,0.0,93.57642105054414,0.0,0.0,283.6981617630343,2.0,1.0,0.0,21.051133062173157,0.0,0.0,28.545102581347763,2.4532765554766973,0.0,0.0,17.17293588833688,0.0,0.0,9.81310622190679,2.4121888811351475,2.4121888811351475,0.0,2.4121888811351475,0.0,0.0,4.824377762270295,1.838000708968451,0.0,0.0,1.838000708968451,0.0,0.0,5.5140021269053525
2017-04-01,8.52796052631579,0.0,0.0,52.87412723827559,0.0,0.0,66.96455094749051,30.79762409843021,0.0,0.0,121.42970854207137,0.0,0.0,286.62142685017204,5.0,1.0,0.0,16.038349796629866,0.0,0.0,23.438638718186866,4.906553110953395,0.0,0.0,17.17293588833688,0.0,0.0,9.81310622190679,2.4121888811351475,2.4121888811351475,0.0,2.4121888811351475,0.0,0.0,7.2365666434054425,1.838000708968451,0.0,0.0,1.838000708968451,0.0,0.0,5.5140021269053525
2017-05-01,0.0,0.0,0.0,34.18265446690711,0.0,0.0,66.96455094749051,26.39796351294018,40.131075020351474,0.0,83.55986247458168,0.0,12.492303573818766,307.32002964458326,8.0,1.0,0.0,16.038349796629866,0.0,0.0,26.451421983730157,9.81310622190679,0.0,0.0,17.17293588833688,0.0,0.0,9.81310622190679,7.2365666434054425,2.4121888811351475,0.0,2.4121888811351475,0.0,0.0,4.824377762270295,3.676001417936902,0.0,0.0,3.676001417936902,0.0,0.0,5.5140021269053525
2017-06-01,17.05592105263158,0.0,0.0,49.362444204073086,0.0,0.0,60.25257683745815,103.02599517970827,0.0,0.0,82.12892553515846,0.0,0.0,262.9995589686231,13.0,1.0,0.0,16.038349796629866,0.0,0.0,28.545102581347763,19.62621244381358,2.4532765554766973,0.0,63.78519044239413,0.0,0.0,9.81310622190679,14.473133286810885,2.4121888811351475,0.0,2.4121888811351475,0.0,0.0,7.2365666434054425,11.028004253810705,1.838000708968451,0.0,3.676001417936902,0.0,0.0,5.5140021269053525
2017-07-01,14.923930921052632,0.0,0.0,73.63283348511798,0.0,0.0,60.25257683745815,122.0126712520927,0.0,0.0,105.68940220841606,0.0,0.0,286.62142685017204,16.0,1.0,0.0,26.063916327716445,0.0,0.0,28.545102581347763,24.532765554766975,2.4532765554766973,0.0,17.17293588833688,0.0,0.0,12.266382777383487,16.885322167946033,2.4121888811351475,0.0,2.4121888811351475,0.0,0.0,4.824377762270295,9.190003544842254,1.838000708968451,0.0,9.190003544842254,0.0,0.0,9.190003544842254
2017-08-01,14.923930921052632,0.0,0.0,143.75398393603345,0.0,0.0,55.25739379314216,167.1617373579289,20.698602794411176,0.0,181.42909434339543,0.0,11.104269843394459,265.9228240557609,24.0,2.0,0.0,48.1150493898896,0.0,0.0,28.545102581347763,26.98604211024367,2.4532765554766973,0.0,14.719659332860184,0.0,0.0,9.81310622190679,24.121888811351475,7.2365666434054425,0.0,7.2365666434054425,0.0,0.0,4.824377762270295,7.352002835873804,1.838000708968451,0.0,5.5140021269053525,0.0,0.0,7.352002835873804
2017-09-01,12.791940789473685,0.0,0.0,75.07728304384658,0.0,0.0,65.24775988177414,98.39078928527243,41.39720558882235,0.0,136.4045635787897,0.0,0.0,242.30095617421193,16.0,4.0,0.0,25.063916327716445,0.0,1.0,23.438638718186866,19.62621244381358,2.4532765554766973,0.0,9.81310622190679,0.0,0.0,9.81310622190679,7.2365666434054425,2.4121888811351475,0.0,2.4121888811351475,0.0,0.0,2.4121888811351475,16.542006380716057,126.82204891882311,1.838000708968451,9.190003544842254,0.0,0.0,7.352002835873804
2017-10-01,0.0,0.0,0.0,54.62996875537685,0.0,0.0,50.26221074882616,35.19728468392024,30.414838907381327,0.0,117.13689772380174,0.0,0.0,307.32002964458326,7.0,1.0,0.0,24.063916327716445,0.0,0.0,23.438638718186866,9.81310622190679,2.4532765554766973,0.0,12.266382777383487,0.0,0.0,9.81310622190679,4.824377762270295,2.4121888811351475,0.0,2.4121888811351475,0.0,0.0,2.4121888811351475,3.676001417936902,12.866004962779156,0.0,1.838000708968451,0.0,0.0,5.5140021269053525
2017-11-01,0.0,0.0,0.0,52.87412723827559,0.0,0.0,48.545419683109785,17.59864234196012,20.698602794411176,0.0,281.4947144485694,0.0,0.0,262.9995589686231,3.0,1.0,0.0,21.051133062173157,0.0,0.0,23.438638718186866,4.906553110953395,0.0,0.0,17.17293588833688,0.0,0.0,9.81310622190679,2.4121888811351475,0.0,0.0,2.4121888811351475,0.0,0.0,2.4121888811351475,1.838000708968451,1.838000708968451,0.0,3.676001417936902,0.0,0.0,3.676001417936902
2017-12-01,0.0,0.0,0.0,54.62996875537685,0.0,0.0,73.67652505752287,0.0,40.131075020351474,0.0,122.86064548149457,0.0,0.0,262.9995589686231,2.0,1.0,0.0,16.038349796629866,0.0,0.0,23.438638718186866,2.4532765554766973,0.0,0.0,17.17293588833688,0.0,0.0,9.81310622190679,0.0,0.0,0.0,2.4121888811351475,0.0,0.0,2.4121888811351475,0.0,1.838000708968451,0.0,1.838000708968451,0.0,0.0,5.5140021269053525
2018-01-01,0.0,0.0,0.0,75.07728304384658,0.0,0.0,71.9597339918065,0.0,0.0,0.0,114.27502384495531,0.0,0.0,319.1309635853578,1.0,1.0,0.0,21.051133062173157,0.0,0.0,28.545102581347763,2.4532765554766973,0.0,0.0,19.62621244381358,0.0,0.0,9.81310622190679,0.0,2.4121888811351475,0.0,2.4121888811351475,0.0,0.0,7.2365666434054425,0.0,1.838000708968451,0.0,1.838000708968451,0.0,0.0,5.5140021269053525
2018-02-01,0.0,0.0,0.0,54.62996875537685,0.0,0.0,55.25739379314216,0.0,0.0,0.0,90.71454717169772,0.0,0.0,286.62142685017204,2.0,1.0,0.0,16.038349796629866,0.0,0.0,25.53231931580447,2.4532765554766973,0.0,0.0,17.17293588833688,0.0,0.0,7.359829666430092,0.0,0.0,0.0,2.4121888811351475,0.0,0.0,2.4121888811351475,0.0,0.0,0.0,1.838000708968451,0.0,0.0,5.5140021269053525
2018-03-01,0.0,0.0,0.0,58.141651789579356,0.0,0.0,61.969367903174515,0.0,11.104269843394459,0.0,93.57642105054414,0.0,0.0,286.62142685017204,2.0,1.0,0.0,17.038349796629866,0.0,0.0,25.53231931580447,2.4532765554766973,0.0,0.0,14.719659332860184,0.0,0.0,7.359829666430092,2.4121888811351475,2.4121888811351475,0.0,4.824377762270295,0.0,0.0,2.4121888811351475,0.0,0.0,0.0,1.838000708968451,0.0,0.0,3.676001417936902
2018-04-01,0.0,0.0,0.0,54.62996875537685,0.0,0.0,43.5502366387938,61.83076533526364,20.698602794411176,0.0,115.70596078437853,0.0,0.0,242.30095617421193,6.0,1.0,0.0,17.038349796629866,0.0,0.0,23.438638718186866,4.906553110953395,0.0,0.0,14.719659332860184,0.0,0.0,7.359829666430092,26.534077692486623,4.824377762270295,0.0,7.2365666434054425,0.0,0.0,4.824377762270295,3.676001417936902,0.0,0.0,5.5140021269053525,0.0,0.0,3.676001417936902
2018-05-01,10.659950657894736,9.351703406813627,0.0,58.141651789579356,0.0,0.0,55.25739379314216,83.12239008006247,0.0,0.0,92.14548411112094,0.0,0.0,242.30095617421193,12.0,1.0,0.0,14.038349796629866,0.0,0.0,20.425855452643578,14.719659332860184,0.0,0.0,17.17293588833688,0.0,0.0,9.81310622190679,62.716910909513835,4.824377762270295,0.0,7.2365666434054425,0.0,0.0,4.824377762270295,3.676001417936902,0.0,0.0,3.676001417936902,0.0,0.0,5.5140021269053525
2018-06-01,14.923930921052632,0.0,0.0,32.42681294980586,0.0,8.110010427528676,41.83344557307743,180.59626442334482,0.0,0.0,89.28361023227451,0.0,0.0,218.67908829266298,14.0,1.0,0.0,21.051133062173157,0.0,1.0,20.425855452643578,22.079488999290277,0.0,0.0,53.972084220487346,0.0,0.0,9.81310622190679,38.59502209816236,2.4121888811351475,0.0,4.824377762270295,0.0,0.0,2.4121888811351475,7.352002835873804,1.838000708968451,0.0,3.676001417936902,0.0,0.0,5.5140021269053525
2018-07-01,17.05592105263158,0.0,0.0,49.67383616244574,0.0,5.406673618352451,48.545419683109785,221.81680281739648,20.698602794411176,0.0,88.8974813512844,0.0,0.0,242.30095617421193,16.0,1.0,0.0,16.038349796629866,0.0,1.0,20.425855452643578,26.98604211024367,2.4532765554766973,0.0,17.17293588833688,0.0,0.0,9.81310622190679,41.00721097929751,2.4121888811351475,0.0,4.824377762270295,0.0,0.0,4.824377762270295,11.028004253810705,1.838000708968451,0.0,7.352002835873804,0.0,0.0,5.5140021269053525
2018-08-01,14.923930921052632,0.0,0.0,66.60946741671297,6.711974110032362,339.22650110954396,65.24775988177414,178.50156659554048,0.0,0.0,112.84408690553211,0.0,68.01365279079106,242.30095617421193,15.0,1.0,0.0,21.051133062173157,6.025566531086578,18.0,23.438638718186866,26.98604211024367,2.4532765554766973,0.0,17.17293588833688,0.0,0.0,9.81310622190679,38.59502209816236,4.824377762270295,0.0,4.824377762270295,0.0,0.0,4.824377762270295,14.704005671747607,1.838000708968451,5.5140021269053525,5.5140021269053525,0.0,0.0,5.5140021269053525
2018-09-01,14.923930921052632,0.0,0.0,49.67383616244574,0.0,102.72679874869657,41.83344557307743,106.50874082320823,20.698602794411176,0.0,80.69798859573525,0.0,13.880337304243074,242.30095617421193,9.0,1.0,0.0,20.051133062173157,6.025566531086578,23.0,23.438638718186866,26.98604211024367,0.0,0.0,14.719659332860184,0.0,0.0,7.359829666430092,19.29751104908118,2.4121888811351475,0.0,4.824377762270295,0.0,0.0,2.4121888811351475,11.028004253810705,1.838000708968451,1.838000708968451,3.676001417936902,0.0,0.0,5.5140021269053525
2018-10-01,6.3959703947368425,0.0,0.0,47.917994645344486,0.0,54.066736183524505,60.25257683745815,97.23831494906524,20.698602794411176,0.0,95.00735798996735,0.0,15.26837103466738,286.62142685017204,4.0,1.0,0.0,15.038349796629866,0.0,11.0,25.53231931580447,19.62621244381358,0.0,0.0,56.425360775964045,0.0,0.0,9.81310622190679,7.2365666434054425,2.4121888811351475,0.0,4.824377762270295,0.0,2.4121888811351475,2.4121888811351475,3.676001417936902,0.0,0.0,3.676001417936902,0.0,0.0,1.838000708968451
2018-11-01,6.3959703947368425,6.011594202898551,0.0,54.941360713749496,0.0,13.516684045881126,48.545419683109785,17.59864234196012,30.414838907381327,0.0,80.69798859573525,0.0,0.0,242.30095617421193,2.0,1.0,0.0,16.038349796629866,0.0,4.0,23.438638718186866,4.906553110953395,0.0,0.0,29.439318665720368,0.0,0.0,7.359829666430092,2.4121888811351475,0.0,0.0,2.4121888811351475,0.0,0.0,2.4121888811351475,1.838000708968451,0.0,0.0,1.838000708968451,0.0,0.0,3.676001417936902
2018-12-01,0.0,0.0,0.0,52.87412723827559,0.0,0.0,48.545419683109785,0.0,20.698602794411176,0.0,80.69798859573525,0.0,0.0,242.30095617421193,2.0,1.0,0.0,16.038349796629866,0.0,1.0,23.438638718186866,2.4532765554766973,2.4532765554766973,0.0,14.719659332860184,0.0,0.0,7.359829666430092,0.0,0.0,0.0,2.4121888811351475,0.0,0.0,2.4121888811351475,0.0,0.0,0.0,1.838000708968451,0.0,0.0,3.676001417936902
2019-01-01,0.0,0.0,0.0,78.58896607804908,0.0,0.0,73.67652505752287,0.0,11.104269843394459,0.0,122.86064548149457,0.0,0.0,286.62142685017204,1.0,1.0,0.0,20.051133062173157,0.0,1.0,28.545102581347763,2.4532765554766973,0.0,0.0,19.62621244381358,0.0,0.0,7.359829666430092,2.4121888811351475,0.0,0.0,2.4121888811351475,0.0,0.0,2.4121888811351475,0.0,0.0,0.0,3.676001417936902,0.0,0.0,3.676001417936902
2019-02-01,0.0,0.0,0.0,76.83312456094784,0.0,0.0,60.25257683745815,17.59864234196012,20.698602794411176,0.0,114.27502384495531,0.0,0.0,286.62142685017204,2.0,1.0,0.0,19.051133062173157,0.0,1.0,23.438638718186866,2.4532765554766973,2.4532765554766973,0.0,14.719659332860184,0.0,0.0,7.359829666430092,2.4121888811351475,0.0,0.0,4.824377762270295,0.0,0.0,2.4121888811351475,0.0,0.0,0.0,1.838000708968451,0.0,0.0,1.838000708968451
2019-03-01,0.0,0.0,0.0,58.141651789579356,0.0,8.110010427528676,60.25257683745815,13.19898175647009,20.698602794411176,0.0,95.00735798996735,0.0,0.0,218.67908829266298,3.0,1.0,0.0,20.051133062173157,0.0,2.0,23.438638718186866,2.4532765554766973,0.0,0.0,14.719659332860184,0.0,0.0,7.359829666430092,2.4121888811351475,2.4121888811351475,0.0,4.824377762270295,0.0,0.0,2.4121888811351475,1.838000708968451,0.0,0.0,1.838000708968451,0.0,0.0,1.838000708968451
2019-04-01,0.0,0.0,0.0,73.63283348511798,0.0,0.0,43.5502366387938,38.20889745371467,30.414838907381327,9.667066187241977,136.4045635787897,0.0,0.0,197.98048549825177,3.0,1.0,0.0,21.051133062173157,0.0,2.0,20.425855452643578,4.906553110953395,0.0,0.0,17.17293588833688,0.0,0.0,7.359829666430092,12.060944405675738,2.4121888811351475,0.0,7.2365666434054425,0.0,0.0,2.4121888811351475,1.838000708968451,0.0,0.0,1.838000708968451,0.0,0.0,3.676001417936902
2019-05-01,0.0,0.0,0.0,56.385810272478096,0.0,0.0,38.555053594477805,91.4506065478796,0.0,0.0,142.12831133648254,0.0,0.0,197.98048549825177,7.0,1.0,0.0,19.051133062173157,0.0,2.0,18.332174855025972,9.81310622190679,0.0,0.0,19.62621244381358,0.0,0.0,7.359829666430092,16.885322167946033,2.4121888811351475,0.0,4.824377762270295,0.0,0.0,2.4121888811351475,1.838000708968451,0.0,0.0,3.676001417936902,0.0,0.0,3.676001417936902
2019-06-01,46.56918609961033,7.5144927536231885,0.0,52.87412723827559,0.0,40.550052137643384,55.25739379314216,317.6670840360374,20.698602794411176,0.0,118.56783466322494,0.0,0.0,221.60235337980077,26.0,3.0,0.0,19.051133062173157,0.0,2.0,20.425855452643578,39.25242488762716,17.17293588833688,0.0,66.23846699787083,0.0,0.0,9.81310622190679,28.94626657362177,2.4121888811351475,0.0,7.2365666434054425,0.0,0.0,2.4121888811351475,9.190003544842254,1.838000708968451,0.0,7.352002835873804,0.0,0.0,3.676001417936902
2019-07-01,29.847861842105264,0.0,0.0,71.56560000964407,13.423948220064725,8.110010427528676,83.66689114615485,604.5618806937943,20.698602794411176,0.0,204.98957101665303,22.208539686788917,0.0,242.30095617421193,19.0,1.0,0.0,24.063916327716445,0.0,2.0,25.53231931580447,29.439318665720368,2.4532765554766973,0.0,22.079488999290277,0.0,0.0,9.81310622190679,41.00721097929751,4.824377762270295,0.0,9.64875552454059,0.0,0.0,2.4121888811351475,9.190003544842254,1.838000708968451,0.0,14.704005671747607,0.0,0.0,5.5140021269053525
2019-08-01,19.187911184210527,7.5144927536231885,0.0,100.79212188362008,0.0,16.220020855057353,71.9597339918065,283.41203692898563,33.190906368229946,0.0,224.257236871641,0.0,33.31280953018337,242.30095617421193,16.0,1.0,0.0,29.076699593259733,3.012783265543289,3.0,23.438638718186866,24.532765554766975,2.4532765554766973,0.0,22.079488999290277,0.0,0.0,7.359829666430092,33.770644335892065,4.824377762270295,0.0,9.64875552454059,0.0,0.0,4.824377762270295,9.190003544842254,1.838000708968451,0.0,36.760014179369016,0.0,0.0,5.5140021269053525
2019-09-01,10.659950657894736,0.0,0.0,63.09778438251047,0.0,0.0,66.96455094749051,238.49853021736652,20.698602794411176,0.0,175.7053465857026,0.0,0.0,197.98048549825177,11.0,1.0,0.0,26.063916327716445,3.012783265543289,11.0,24.438638718186866,19.62621244381358,0.0,0.0,24.53276555476697,0.0,0.0,9.81310622190679,16.885322167946033,2.4121888811351475,0.0,9.64875552454059,0.0,0.0,2.4121888811351475,5.5140021269053525,1.838000708968451,0.0,14.704005671747607,0.0,0.0,3.676001417936902
2019-10-01,10.659950657894736,0.0,0.0,58.141651789579356,0.0,8.110010427528676,53.54060272742578,175.75077951375633,0.0,0.0,115.70596078437853,0.0,18.044438495515994,197.98048549825177,9.0,2.0,0.0,24.063916327716445,0.0,15.0,25.53231931580447,17.17293588833688,2.4532765554766973,0.0,19.62621244381358,0.0,0.0,7.359829666430092,7.2365666434054425,2.4121888811351475,0.0,4.824377762270295,0.0,0.0,7.2365666434054425,1.838000708968451,0.0,0.0,9.190003544842254,0.0,0.0,3.676001417936902
2019-11-01,0.0,7.5144927536231885,8.110010427528676,83.5450986709802,0.0,8.110010427528676,53.54060272742578,42.608558039204695,20.698602794411176,0.0,139.26643745763613,0.0,8.328202382545843,174.35861761670282,4.0,1.0,0.0,25.063916327716445,0.0,3.0,18.332174855025972,2.4532765554766973,0.0,0.0,34.34587177667376,0.0,0.0,7.359829666430092,2.4121888811351475,2.4121888811351475,0.0,4.824377762270295,0.0,0.0,2.4121888811351475,1.838000708968451,0.0,0.0,5.5140021269053525,0.0,0.0,3.676001417936902
2019-12-01,0.0,0.0,0.0,70.12115045091548,0.0,0.0,50.26221074882616,11.810933940774488,20.698602794411176,0.0,121.42970854207137,0.0,0.0,197.98048549825177,2.0,1.0,0.0,19.051133062173157,0.0,1.0,18.332174855025972,2.4532765554766973,0.0,0.0,17.17293588833688,0.0,0.0,4.906553110953395,2.4121888811351475,2.4121888811351475,0.0,4.824377762270295,0.0,0.0,2.4121888811351475,1.838000708968451,0.0,0.0,3.676001417936902,0.0,0.0,1.838000708968451
2020-01-01,0.0,0.0,0.0,70.12115045091548,0.0,0.0,71.9597339918065,17.59864234196012,0.0,0.0,147.59463984018197,0.0,12.492303573818766,265.9228240557609,2.0,1.0,0.0,24.063916327716445,0.0,3.0,25.53231931580447,2.4532765554766973,2.4532765554766973,0.0,24.532765554766975,0.0,0.0,7.359829666430092,2.4121888811351475,2.4121888811351475,0.0,7.2365666434054425,0.0,0.0,2.4121888811351475,0.0,0.0,0.0,5.5140021269053525,0.0,0.0,3.676001417936902
2020-02-01,0.0,6.234468937875752,0.0,61.34194286540921,0.0,0.0,66.96455094749051,29.409576282734605,13.880337304243074,0.0,133.54268969994328,0.0,0.0,221.60235337980077,3.0,1.0,0.0,20.051133062173157,0.0,3.0,20.425855452643578,2.4532765554766973,2.4532765554766973,0.0,26.98604211024367,0.0,0.0,9.81310622190679,2.4121888811351475,2.4121888811351475,0.0,7.2365666434054425,0.0,0.0,2.4121888811351475,0.0,0.0,0.0,7.352002835873804,0.0,0.0,5.5140021269053525
2020-03-01,6.711974110032362,6.011594202898551,0.0,61.34194286540921,0.0,10.813347236704901,65.24775988177414,29.409576282734605,29.02680517695702,0.0,154.24129249435447,0.0,0.0,200.9037505853896,3.0,1.0,0.0,22.063916327716445,0.0,4.0,20.425855452643578,2.4532765554766973,2.4532765554766973,0.0,39.25242488762716,0.0,0.0,9.81310622190679,2.4121888811351475,4.824377762270295,0.0,9.64875552454059,0.0,0.0,2.4121888811351475,1.838000708968451,0.0,0.0,12.866004962779156,0.0,0.0,5.5140021269053525
2020-04-01,6.3959703947368425,0.0,0.0,39.13878705983822,0.0,0.0,25.13110537441308,56.72445473766488,20.698602794411176,9.71623611297015,76.40517777746562,0.0,0.0,88.6409413519203,5.0,1.0,0.0,10.025566531086579,0.0,2.0,10.212927726321789,4.906553110953395,2.4532765554766973,0.0,22.079488999290277,0.0,0.0,7.359829666430092,12.060944405675738,2.4121888811351475,0.0,7.2365666434054425,0.0,0.0,2.4121888811351475,1.838000708968451,0.0,0.0,5.5140021269053525,0.0,0.0,5.5140021269053525
2020-05-01,6.061373599610327,0.0,0.0,27.1592883985021,0.0,0.0,30.126288418729075,118.0841294550369,20.698602794411176,0.0,80.69798859573525,0.0,0.0,85.71767626478251,7.0,0.0,0.0,9.025566531086579,0.0,1.0,8.119247128704183,17.17293588833688,2.4532765554766973,0.0,17.17293588833688,0.0,0.0,7.359829666430092,41.00721097929751,2.4121888811351475,0.0,7.2365666434054425,0.0,0.0,2.4121888811351475,5.5140021269053525,0.0,0.0,3.676001417936902,0.0,0.0,1.838000708968451
2020-06-01,17.05592105263158,12.023188405797102,0.0,40.894628576939475,0.0,5.406673618352451,36.83826252876143,273.2498778950179,20.698602794411176,0.0,49.98282722536161,0.0,0.0,65.01907347037132,14.0,1.0,0.0,10.025566531086579,0.0,8.0,13.225710991865078,26.98604211024367,0.0,0.0,17.17293588833688,0.0,0.0,7.359829666430092,21.709699930216328,2.4121888811351475,0.0,4.824377762270295,0.0,0.0,2.4121888811351475,5.5140021269053525,0.0,0.0,1.838000708968451,0.0,0.0,3.676001417936902
2020-07-01,57.563733552631575,0.0,0.0,42.65047009404073,0.0,0.0,25.13110537441308,285.53195879476925,0.0,0.0,79.26705165631205,0.0,0.0,44.32047067596015,17.0,1.0,0.0,10.025566531086579,0.0,9.0,8.119247128704183,22.079488999290277,0.0,0.0,14.719659332860184,0.0,0.0,2.4532765554766973,28.94626657362177,2.4121888811351475,0.0,4.824377762270295,0.0,0.0,2.4121888811351475,5.5140021269053525,0.0,0.0,1.838000708968451,0.0,0.0,1.838000708968451
2020-08-01,34.8990065084472,0.0,0.0,13.423948220064725,0.0,0.0,30.126288418729075,191.72581464580372,40.131075020351474,0.0,61.087097068756066,0.0,0.0,65.01907347037132,24.0,1.0,0.0,9.025566531086579,0.0,3.0,8.119247128704183,31.892595221197066,2.4532765554766973,2.4532765554766973,17.17293588833688,0.0,4.906553110953395,4.906553110953395,33.770644335892065,2.4121888811351475,0.0,7.2365666434054425,0.0,0.0,2.4121888811351475,7.352002835873804,0.0,0.0,7.352002835873804,0.0,0.0,1.838000708968451
2020-09-01,14.923930921052632,0.0,0.0,6.711974110032362,0.0,8.110010427528676,13.423948220064725,109.28479419878553,0.0,0.0,41.39720558882235,0.0,0.0,20.698602794411176,10.0,0.0,0.0,5.012783265543289,0.0,22.0,5.1064638631608945,12.266382777383487,0.0,0.0,14.719659332860184,0.0,0.0,2.4532765554766973,16.885322167946033,2.4121888811351475,0.0,9.64875552454059,0.0,0.0,2.4121888811351475,5.5140021269053525,0.0,0.0,3.676001417936902,0.0,0.0,1.838000708968451
2020-10-01,0.0,0.0,0.0,6.711974110032362,0.0,24.330031282586027,20.135922330097088,38.20889745371467,0.0,0.0,54.27563804363124,0.0,9.71623611297015,65.01907347037132,4.0,0.0,0.0,5.012783265543289,0.0,12.0,5.1064638631608945,4.906553110953395,0.0,0.0,12.266382777383487,0.0,0.0,2.4532765554766973,2.4121888811351475,0.0,0.0,4.824377762270295,0.0,0.0,0.0,1.838000708968451,0.0,0.0,1.838000708968451,0.0,0.0,1.838000708968451
2020-11-01,6.3959703947368425,0.0,0.0,22.20315580557099,0.0,0.0,25.13110537441308,8.79932117098006,0.0,0.0,51.41376416478482,0.0,0.0,44.32047067596015,3.0,0.0,0.0,5.012783265543289,0.0,1.0,5.1064638631608945,2.4532765554766973,0.0,0.0,9.81310622190679,0.0,0.0,2.4532765554766973,2.4121888811351475,0.0,0.0,4.824377762270295,0.0,0.0,0.0,0.0,0.0,0.0,1.838000708968451,0.0,0.0,1.838000708968451
2020-12-01,0.0,0.0,0.0,20.447314288469737,0.0,0.0,20.135922330097088,0.0,12.492303573818766,0.0,33.57703524922006,0.0,0.0,44.32047067596015,1.0,0.0,0.0,9.025566531086579,0.0,0.0,5.1064638631608945,2.4532765554766973,0.0,0.0,9.81310622190679,0.0,0.0,2.4532765554766973,2.4121888811351475,0.0,0.0,2.4121888811351475,0.0,0.0,0.0,0.0,0.0,0.0,1.838000708968451,0.0,0.0,1.838000708968451
2021-01-01,0.0,0.0,0.0,27.1592883985021,0.0,77.330180610079,36.83826252876143,0.0,0.0,0.0,54.27563804363124,0.0,16.656404765091686,65.01907347037132,1.0,0.0,0.0,5.012783265543289,0.0,5.0,8.119247128704183,2.4532765554766973,0.0,0.0,9.81310622190679,0.0,0.0,2.4532765554766973,0.0,0.0,0.0,4.824377762270295,0.0,0.0,2.4121888811351475,0.0,0.0,0.0,1.838000708968451,0.0,0.0,1.838000708968451
2021-02-01,0.0,0.0,0.0,25.714838839773495,0.0,0.0,13.423948220064725,0.0,0.0,0.0,52.84470110420803,0.0,0.0,74.73530958334149,1.0,0.0,0.0,5.012783265543289,0.0,2.0,5.1064638631608945,2.4532765554766973,0.0,0.0,12.266382777383487,0.0,0.0,2.4532765554766973,2.4121888811351475,0.0,0.0,2.4121888811351475,0.0,0.0,0.0,1.838000708968451,0.0,0.0,1.838000708968451,0.0,0.0,0.0
2021-03-01,0.0,0.0,0.0,39.13878705983822,0.0,0.0,13.423948220064725,0.0,0.0,0.0,51.41376416478482,0.0,0.0,65.01907347037132,2.0,0.0,0.0,5.012783265543289,0.0,2.0,5.1064638631608945,2.4532765554766973,0.0,0.0,12.266382777383487,0.0,0.0,2.4532765554766973,2.4121888811351475,0.0,0.0,2.4121888811351475,0.0,0.0,0.0,1.838000708968451,0.0,0.0,1.838000708968451,0.0,0.0,0.0
2021-04-01,0.0,0.0,0.0,23.958997322672243,0.0,0.0,20.135922330097088,77.80584272312494,9.71623611297015,0.0,51.41376416478482,0.0,8.328202382545843,65.01907347037132,2.0,0.0,0.0,5.012783265543289,0.0,1.0,5.1064638631608945,2.4532765554766973,0.0,0.0,14.719659332860184,0.0,0.0,2.4532765554766973,2.4121888811351475,0.0,0.0,2.4121888811351475,0.0,0.0,0.0,1.838000708968451,0.0,0.0,1.838000708968451,0.0,0.0,0.0
2021-05-01,10.659950657894736,0.0,0.0,30.670971432704604,0.0,0.0,25.13110537441308,100.72106059256518,0.0,0.0,54.27563804363124,0.0,0.0,65.01907347037132,10.0,1.0,0.0,10.025566531086579,0.0,1.0,8.119247128704183,7.359829666430092,0.0,0.0,12.266382777383487,0.0,0.0,2.4532765554766973,4.824377762270295,0.0,0.0,4.824377762270295,0.0,0.0,0.0,1.838000708968451,0.0,0.0,1.838000708968451,0.0,0.0,1.838000708968451
2021-06-01,21.319901315789473,0.0,0.0,23.958997322672243,0.0,10.813347236704901,25.13110537441308,247.53335444147848,20.698602794411176,0.0,32.146098309796855,0.0,0.0,65.01907347037132,53.0,1.0,0.0,10.025566531086579,0.0,1.0,8.119247128704183,12.266382777383487,0.0,0.0,12.266382777383487,0.0,2.4532765554766973,2.4532765554766973,14.473133286810885,2.4121888811351475,0.0,4.824377762270295,0.0,0.0,0.0,5.5140021269053525,0.0,0.0,1.838000708968451,0.0,0.0,0.0
2021-07-01,29.847861842105264,0.0,0.0,13.423948220064725,0.0,16.220020855057353,41.83344557307743,169.0461843411232,0.0,0.0,51.41376416478482,0.0,26.37264087806184,65.01907347037132,35.0,1.0,0.0,9.025566531086579,0.0,5.0,10.212927726321789,12.266382777383487,0.0,0.0,12.266382777383487,0.0,0.0,2.4532765554766973,21.709699930216328,2.4121888811351475,0.0,4.824377762270295,0.0,0.0,2.4121888811351475,5.5140021269053525,0.0,0.0,3.676001417936902,0.0,0.0,1.838000708968451
2021-08-01,34.11184210526316,0.0,0.0,22.20315580557099,0.0,8.110010427528676,13.423948220064725,239.44075370896365,20.698602794411176,0.0,54.27563804363124,0.0,0.0,65.01907347037132,32.0,1.0,0.0,9.025566531086579,0.0,4.0,8.119247128704183,17.17293588833688,0.0,0.0,14.719659332860184,0.0,0.0,2.4532765554766973,26.534077692486623,2.4121888811351475,0.0,7.2365666434054425,0.0,0.0,2.4121888811351475,5.5140021269053525,0.0,0.0,1.838000708968451,0.0,0.0,1.838000708968451
2021-09-01,25.58388157894737,0.0,0.0,20.447314288469737,0.0,10.813347236704901,20.135922330097088,127.82567411761408,0.0,0.0,55.70657498305445,0.0,0.0,65.01907347037132,22.0,1.0,0.0,9.025566531086579,0.0,7.0,13.225710991865078,12.266382777383487,0.0,0.0,31.892595221197062,0.0,0.0,2.4532765554766973,12.060944405675738,2.4121888811351475,0.0,2.4121888811351475,0.0,0.0,0.0,3.676001417936902,0.0,0.0,3.676001417936902,0.0,0.0,1.838000708968451
2021-10-01,8.52796052631579,7.5144927536231885,0.0,13.423948220064725,0.0,0.0,30.126288418729075,67.61847373644927,11.104269843394459,0.0,52.84470110420803,0.0,0.0,65.01907347037132,9.0,1.0,0.0,9.025566531086579,0.0,1.0,8.119247128704183,7.359829666430092,0.0,0.0,9.81310622190679,0.0,0.0,2.4532765554766973,4.824377762270295,0.0,0.0,2.4121888811351475,0.0,0.0,0.0,1.838000708968451,0.0,0.0,1.838000708968451,0.0,0.0,0.0
2021-11-01,0.0,0.0,0.0,30.670971432704604,0.0,0.0,20.135922330097088,29.409576282734605,0.0,0.0,54.27563804363124,0.0,0.0,65.01907347037132,7.0,1.0,0.0,10.025566531086579,0.0,1.0,8.119247128704183,2.4532765554766973,0.0,0.0,12.266382777383487,0.0,0.0,2.4532765554766973,2.4121888811351475,0.0,0.0,2.4121888811351475,0.0,0.0,0.0,1.838000708968451,0.0,0.0,1.838000708968451,0.0,0.0,1.838000708968451
2021-12-01,0.0,0.0,0.0,22.20315580557099,0.0,0.0,13.423948220064725,0.0,0.0,0.0,52.84470110420803,0.0,0.0,65.01907347037132,2.0,1.0,0.0,9.025566531086579,0.0,1.0,8.119247128704183,0.0,0.0,0.0,14.719659332860184,0.0,0.0,2.4532765554766973,0.0,0.0,0.0,2.4121888811351475,0.0,0.0,0.0,0.0,0.0,0.0,1.838000708968451,0.0,0.0,0.0
2022-01-01,8.52796052631579,0.0,0.0,28.91512991560335,0.0,0.0,30.126288418729075,0.0,0.0,0.0,72.112366959196,0.0,0.0,109.33954414633149,2.0,1.0,0.0,10.025566531086579,0.0,1.0,10.212927726321789,2.4532765554766973,0.0,0.0,19.62621244381358,0.0,0.0,2.4532765554766973,0.0,0.0,0.0,2.4121888811351475,0.0,0.0,2.4121888811351475,0.0,0.0,0.0,1.838000708968451,0.0,0.0,1.838000708968451
2022-02-01,0.0,0.0,0.0,34.18265446690711,0.0,0.0,30.126288418729075,0.0,0.0,11.104269843394459,55.70657498305445,0.0,0.0,88.6409413519203,2.0,1.0,0.0,10.025566531086579,0.0,0.0,13.225710991865078,2.4532765554766973,0.0,0.0,14.719659332860184,0.0,0.0,2.4532765554766973,2.4121888811351475,0.0,0.0,2.4121888811351475,0.0,0.0,2.4121888811351475,0.0,0.0,0.0,1.838000708968451,0.0,0.0,0.0
2022-03-01,0.0,0.0,0.0,23.958997322672243,0.0,0.0,18.419131264380717,8.79932117098006,0.0,0.0,51.41376416478482,0.0,0.0,65.01907347037132,4.0,1.0,0.0,9.025566531086579,0.0,1.0,13.225710991865078,2.4532765554766973,0.0,0.0,12.266382777383487,0.0,0.0,2.4532765554766973,2.4121888811351475,2.4121888811351475,0.0,2.4121888811351475,0.0,0.0,2.4121888811351475,1.838000708968451,0.0,0.0,1.838000708968451,0.0,0.0,1.838000708968451
2022-04-01,26.371045982131413,0.0,0.0,23.958997322672243,0.0,0.0,30.126288418729075,47.00821862469473,0.0,0.0,83.55986247458168,0.0,0.0,88.6409413519203,9.0,1.0,0.0,10.025566531086579,0.0,1.0,13.225710991865078,4.906553110953395,0.0,0.0,14.719659332860184,0.0,0.0,7.359829666430092,2.4121888811351475,0.0,0.0,2.4121888811351475,0.0,0.0,2.4121888811351475,1.838000708968451,0.0,0.0,1.838000708968451,0.0,0.0,1.838000708968451
2022-05-01,29.847861842105264,0.0,0.0,34.18265446690711,0.0,16.220020855057353,30.126288418729075,169.7275398888962,0.0,8.286056731921693,77.83611471688884,0.0,0.0,88.6409413519203,20.0,1.0,0.0,10.025566531086579,0.0,34.0,13.225710991865078,9.81310622190679,0.0,0.0,22.079488999290277,0.0,0.0,4.906553110953395,21.709699930216328,2.4121888811351475,0.0,2.4121888811351475,0.0,0.0,2.4121888811351475,3.676001417936902,0.0,0.0,3.676001417936902,0.0,0.0,1.838000708968451
2022-06-01,108.06230312027328,0.0,0.0,34.18265446690711,0.0,0.0,30.126288418729075,199.37267556584789,30.414838907381327,0.0,54.27563804363124,0.0,0.0,65.01907347037132,36.0,1.0,0.0,14.038349796629866,0.0,2.0,8.119247128704183,12.266382777383487,0.0,0.0,49.06553110953395,0.0,0.0,4.906553110953395,14.473133286810885,2.4121888811351475,0.0,2.4121888811351475,0.0,0.0,0.0,7.352002835873804,0.0,0.0,9.190003544842254,0.0,0.0,1.838000708968451
2022-07-01,40.5078125,0.0,0.0,47.917994645344486,0.0,8.110010427528676,23.41431430869671,219.74737128338535,33.190906368229946,0.0,83.55986247458168,0.0,9.71623611297015,88.6409413519203,37.0,1.0,0.0,14.038349796629866,0.0,2.0,10.212927726321789,14.719659332860184,0.0,0.0,22.079488999290277,0.0,0.0,7.359829666430092,19.29751104908118,2.4121888811351475,0.0,4.824377762270295,0.0,0.0,2.4121888811351475,7.352002835873804,0.0,0.0,11.028004253810705,0.0,0.0,3.676001417936902
2022-08-01,78.21444127816802,0.0,0.0,49.67383616244574,20.135922330097088,18.923357664233578,30.126288418729075,190.1022637769762,20.698602794411176,9.71623611297015,117.13689772380174,0.0,54.133315486547986,88.6409413519203,28.0,1.0,0.0,16.038349796629866,0.0,8.0,13.225710991865078,12.266382777383487,0.0,0.0,22.079488999290277,0.0,0.0,2.4532765554766973,26.534077692486623,2.4121888811351475,0.0,7.2365666434054425,0.0,0.0,2.4121888811351475,7.352002835873804,0.0,3.676001417936902,16.542006380716057,5.5140021269053525,0.0,3.676001417936902
2022-09-01,33.77724531013664,0.0,0.0,44.40631161114198,0.0,5.406673618352451,23.41431430869671,72.0181343219393,0.0,0.0,80.69798859573525,0.0,12.492303573818766,88.6409413519203,13.0,1.0,0.0,15.038349796629866,0.0,2.0,10.212927726321789,9.81310622190679,0.0,0.0,49.06553110953395,0.0,0.0,2.4532765554766973,16.885322167946033,2.4121888811351475,0.0,16.885322167946033,0.0,0.0,2.4121888811351475,5.5140021269053525,0.0,0.0,11.028004253810705,0.0,0.0,1.838000708968451
2022-10-01,14.923930921052632,0.0,0.0,39.13878705983822,0.0,0.0,30.126288418729075,77.80584272312494,0.0,0.0,109.98221302668568,0.0,0.0,109.33954414633149,9.0,1.0,0.0,15.038349796629866,0.0,1.0,13.225710991865078,9.81310622190679,0.0,0.0,14.719659332860184,0.0,0.0,2.4532765554766973,7.2365666434054425,2.4121888811351475,0.0,4.824377762270295,0.0,0.0,2.4121888811351475,3.676001417936902,0.0,0.0,22.05600850762141,0.0,0.0,1.838000708968451
2022-11-01,6.3959703947368425,0.0,0.0,53.185519196648244,0.0,0.0,20.135922330097088,17.59864234196012,0.0,0.0,77.83611471688884,0.0,0.0,65.01907347037132,11.0,1.0,0.0,15.038349796629866,0.0,4.0,10.212927726321789,4.906553110953395,0.0,0.0,14.719659332860184,0.0,0.0,2.4532765554766973,2.4121888811351475,0.0,0.0,2.4121888811351475,0.0,0.0,2.4121888811351475,1.838000708968451,0.0,0.0,1.838000708968451,0.0,0.0,1.838000708968451
2022-12-01,4.263980263157895,0.0,0.0,28.91512991560335,0.0,0.0,30.126288418729075,0.0,0.0,0.0,68.32758818386992,0.0,0.0,88.6409413519203,2.0,1.0,0.0,11.025566531086579,0.0,1.0,10.212927726321789,2.4532765554766973,0.0,0.0,14.719659332860184,0.0,0.0,2.4532765554766973,0.0,0.0,0.0,2.4121888811351475,0.0,0.0,0.0,0.0,0.0,0.0,1.838000708968451,0.0,0.0,1.838000708968451
2023-01-01,0.0,0.0,0.0,51.118285721174345,0.0,0.0,36.83826252876143,8.79932117098006,0.0,0.0,82.12892553515846,0.0,0.0,132.96141202788044,2.0,1.0,0.0,15.038349796629866,0.0,1.0,13.225710991865078,2.4532765554766973,2.4532765554766973,0.0,17.17293588833688,0.0,0.0,2.4532765554766973,2.4121888811351475,2.4121888811351475,0.0,2.4121888811351475,0.0,0.0,2.4121888811351475,0.0,0.0,0.0,1.838000708968451,0.0,0.0,1.838000708968451
2023-02-01,0.0,0.0,0.0,46.16215312824323,0.0,0.0,30.126288418729075,0.0,20.698602794411176,0.0,97.52600619682255,0.0,0.0,65.01907347037132,2.0,1.0,0.0,15.038349796629866,0.0,1.0,10.212927726321789,2.4532765554766973,2.4532765554766973,0.0,22.079488999290277,0.0,0.0,2.4532765554766973,2.4121888811351475,0.0,0.0,2.4121888811351475,0.0,0.0,2.4121888811351475,0.0,0.0,0.0,3.676001417936902,0.0,0.0,0.0
2023-03-01,6.3959703947368425,0.0,0.0,51.118285721174345,0.0,0.0,36.83826252876143,13.19898175647009,20.698602794411176,0.0,86.42173635342809,0.0,0.0,88.6409413519203,3.0,1.0,0.0,16.038349796629866,0.0,1.0,13.225710991865078,2.4532765554766973,4.906553110953395,0.0,22.079488999290277,0.0,0.0,7.359829666430092,2.4121888811351475,0.0,0.0,2.4121888811351475,0.0,0.0,2.4121888811351475,1.838000708968451,0.0,0.0,3.676001417936902,0.0,0.0,1.838000708968451
2023-04-01,10.659950657894736,0.0,0.0,46.16215312824323,0.0,0.0,30.126288418729075,91.00482447959503,20.698602794411176,0.0,104.25846526899285,0.0,0.0,88.6409413519203,23.0,1.0,0.0,20.051133062173157,0.0,1.0,13.225710991865078,4.906553110953395,2.4532765554766973,0.0,22.079488999290277,0.0,0.0,4.906553110953395,4.824377762270295,2.4121888811351475,0.0,4.824377762270295,0.0,0.0,2.4121888811351475,1.838000708968451,0.0,0.0,11.028004253810705,0.0,0.0,1.838000708968451
2023-05-01,81.57972487309969,7.5144927536231885,0.0,56.385810272478096,0.0,16.220020855057353,30.126288418729075,196.59659401972797,20.698602794411176,0.0,114.27502384495531,0.0,0.0,88.6409413519203,40.0,1.0,0.0,21.051133062173157,0.0,18.0,13.225710991865078,4.906553110953395,2.4532765554766973,0.0,24.532765554766975,0.0,0.0,2.4532765554766973,16.885322167946033,2.4121888811351475,0.0,4.824377762270295,0.0,0.0,2.4121888811351475,3.676001417936902,0.0,0.0,5.5140021269053525,0.0,0.0,1.838000708968451
2023-06-01,143.29590642384701,9.017391304347827,0.0,83.85649062935285,0.0,5.406673618352451,52.09615316869718,277.1785042037015,20.698602794411176,0.0,153.2754843888759,0.0,9.71623611297015,109.33954414633149,45.0,3.0,0.0,31.076699593259733,0.0,5.0,13.225710991865078,19.62621244381358,2.4532765554766973,0.0,63.78519044239413,0.0,0.0,4.906553110953395,24.121888811351475,2.4121888811351475,0.0,4.824377762270295,0.0,0.0,2.4121888811351475,7.352002835873804,1.838000708968451,0.0,9.190003544842254,0.0,0.0,1.838000708968451
2023-07-01,98.63564592573128,0.0,0.0,88.81262322228396,6.711974110032362,0.0,36.83826252876143,280.4003959886486,20.698602794411176,0.0,174.2744096462794,0.0,0.0,88.6409413519203,32.0,1.0,0.0,40.102266124346315,0.0,6.0,13.225710991865078,19.62621244381358,0.0,0.0,19.62621244381358,0.0,0.0,4.906553110953395,33.770644335892065,2.4121888811351475,0.0,12.060944405675738,0.0,0.0,2.4121888811351475,7.352002835873804,1.838000708968451,0.0,12.866004962779156,0.0,0.0,3.676001417936902
2023-08-01,103.7983228571154,0.0,0.0,143.75398393603345,0.0,5.406673618352451,30.126288418729075,216.05440296581793,20.698602794411176,9.667066187241977,232.84285850818026,0.0,12.492303573818766,109.33954414633149,64.0,2.0,0.0,43.102266124346315,0.0,3.0,13.225710991865078,26.98604211024367,2.4532765554766973,0.0,19.62621244381358,0.0,0.0,4.906553110953395,45.8315887415678,2.4121888811351475,0.0,16.885322167946033,0.0,7.2365666434054425,2.4121888811351475,7.352002835873804,0.0,0.0,44.11201701524282,0.0,0.0,1.838000708968451
2023-09-01,157.8852405497731,0.0,0.0,406.16989688507215,0.0,8.110010427528676,43.5502366387938,216.05440296581793,30.414838907381327,0.0,442.22520599755364,0.0,9.71623611297015,88.6409413519203,53.0,2.0,0.0,128.29401510749562,0.0,3.0,14.225710991865078,19.62621244381358,0.0,0.0,22.079488999290277,0.0,9.81310622190679,2.4532765554766973,43.419399860432655,2.4121888811351475,0.0,21.709699930216328,0.0,0.0,2.4121888811351475,5.5140021269053525,0.0,0.0,55.14002126905353,0.0,0.0,1.838000708968451
2023-10-01,31.97985197368421,4.508695652173913,0.0,104.30380491782259,0.0,0.0,43.5502366387938,140.55352300037868,20.698602794411176,0.0,221.3953629927946,0.0,0.0,109.33954414633149,16.0,1.0,0.0,47.1150493898896,0.0,1.0,13.225710991865078,17.17293588833688,0.0,0.0,22.079488999290277,0.0,0.0,4.906553110953395,14.473133286810885,2.4121888811351475,0.0,12.060944405675738,0.0,0.0,2.4121888811351475,3.676001417936902,5.5140021269053525,0.0,25.732009925558312,0.0,0.0,1.838000708968451
2023-11-01,25.58388157894737,7.5144927536231885,0.0,87.05678170518271,0.0,0.0,30.126288418729075,17.59864234196012,20.698602794411176,0.0,147.8520590941754,0.0,0.0,109.33954414633149,6.0,1.0,0.0,37.089482858803024,0.0,1.0,13.225710991865078,4.906553110953395,2.4532765554766973,0.0,22.079488999290277,0.0,0.0,2.4532765554766973,2.4121888811351475,2.4121888811351475,0.0,12.060944405675738,0.0,0.0,2.4121888811351475,1.838000708968451,3.676001417936902,0.0,16.542006380716057,0.0,0.0,1.838000708968451
2023-12-01,6.3959703947368425,6.011594202898551,0.0,68.36530893381422,0.0,0.0,36.83826252876143,0.0,0.0,0.0,147.8520590941754,0.0,0.0,132.96141202788044,3.0,1.0,0.0,30.076699593259733,0.0,0.0,13.225710991865078,2.4532765554766973,0.0,0.0,17.17293588833688,0.0,0.0,4.906553110953395,2.4121888811351475,0.0,0.0,7.2365666434054425,0.0,0.0,2.4121888811351475,0.0,0.0,0.0,12.866004962779156,0.0,0.0,1.838000708968451
2024-01-01,0.0,0.0,0.0,114.52746206205745,0.0,0.0,36.83826252876143,0.0,0.0,0.0,196.40394938011377,0.0,0.0,120.78703966171716,3.0,1.0,0.0,37.089482858803024,0.0,1.0,13.225710991865078,2.4532765554766973,0.0,0.0,22.079488999290277,0.0,0.0,4.906553110953395,2.4121888811351475,2.4121888811351475,0.0,7.2365666434054425,0.0,0.0,2.4121888811351475,0.0,0.0,0.0,7.352002835873804,0.0,0.0,1.838000708968451
2024-02-01,8.52796052631579,6.011594202898551,0.0,201.58424376724017,0.0,8.110010427528676,41.83344557307743,35.19728468392024,20.698602794411176,0.0,420.66118625175477,0.0,0.0,109.33954414633149,6.0,1.0,0.0,63.153399186519465,0.0,1.0,15.319391589482683,2.4532765554766973,0.0,0.0,29.439318665720368,0.0,0.0,2.4532765554766973,2.4121888811351475,2.4121888811351475,0.0,12.060944405675738,0.0,0.0,2.4121888811351475,1.838000708968451,0.0,0.0,106.60404112017015,0.0,0.0,1.838000708968451
2024-03-01,14.923930921052632,0.0,0.0,127.95141028212218,0.0,0.0,41.83344557307743,38.20889745371467,35.966973829078555,0.0,289.21491913372097,0.0,0.0,65.01907347037132,8.0,1.0,0.0,55.14061592097618,0.0,1.0,13.225710991865078,2.4532765554766973,0.0,0.0,39.25242488762716,0.0,0.0,4.906553110953395,7.2365666434054425,2.4121888811351475,0.0,14.473133286810885,0.0,0.0,2.4121888811351475,1.838000708968451,0.0,0.0,90.06203473945409,0.0,0.0,1.838000708968451
2024-04-01,29.847861842105264,7.5144927536231885,0.0,112.46022858658355,0.0,0.0,36.83826252876143,86.60516389410499,20.698602794411176,0.0,315.637269685825,0.0,0.0,100.45187529269478,28.0,1.0,0.0,65.16618245206276,0.0,1.0,13.225710991865078,7.359829666430092,0.0,0.0,53.972084220487346,0.0,0.0,4.906553110953395,9.64875552454059,2.4121888811351475,0.0,14.473133286810885,0.0,0.0,2.4121888811351475,3.676001417936902,0.0,0.0,58.81602268699043,0.0,0.0,1.838000708968451
2024-05-01,55.43174342105263,6.011594202898551,0.0,131.4630933163247,0.0,0.0,30.126288418729075,166.95147242804757,42.9071424812001,0.0,243.52490272662897,0.0,0.0,88.6409413519203,65.0,1.0,0.0,80.17896571760605,0.0,2.0,13.225710991865078,7.359829666430092,0.0,0.0,36.79914833215046,0.0,0.0,7.359829666430092,16.885322167946033,2.4121888811351475,0.0,12.060944405675738,0.0,0.0,2.4121888811351475,3.676001417936902,0.0,0.0,42.27401630627437,0.0,0.0,1.838000708968451
2024-06-01,112.54934791351553,10.520289855072464,0.0,193.11642814010654,0.0,0.0,36.83826252876143,201.46737339365222,0.0,0.0,214.24067829567855,0.0,0.0,88.6409413519203,45.0,2.0,0.0,57.14061592097618,0.0,1.0,13.225710991865078,12.266382777383487,2.4532765554766973,0.0,63.78519044239413,0.0,0.0,4.906553110953395,16.885322167946033,2.4121888811351475,0.0,9.64875552454059,0.0,0.0,2.4121888811351475,5.5140021269053525,1.838000708968451,0.0,40.43601559730592,0.0,0.0,1.838000708968451
2024-07-01,133.86924922930498,7.5144927536231885,0.0,168.02437321707833,0.0,0.0,30.126288418729075,258.66296100502257,30.414838907381327,0.0,219.96442605337137,0.0,11.104269843394459,88.6409413519203,51.0,2.0,0.0,53.12783265543289,0.0,3.0,13.225710991865078,17.17293588833688,2.4532765554766973,0.0,29.439318665720368,0.0,0.0,4.906553110953395,24.121888811351475,2.4121888811351475,0.0,9.64875552454059,0.0,0.0,2.4121888811351475,7.352002835873804,1.838000708968451,0.0,42.27401630627437,0.0,0.0,5.5140021269053525
2024-08-01,138.0216972274207,9.017391304347827,0.0,111.01577902785495,0.0,191.936913451512,48.545419683109785,324.18668057258236,20.698602794411176,0.0,287.1184965518115,0.0,9.71623611297015,109.33954414633149,49.0,1.0,0.0,51.12783265543289,12.038349796629866,66.0,13.225710991865078,22.079488999290277,2.4532765554766973,0.0,26.98604211024367,0.0,0.0,7.359829666430092,36.18283321702721,2.4121888811351475,0.0,16.885322167946033,0.0,4.824377762270295,2.4121888811351475,7.352002835873804,3.676001417936902,0.0,42.27401630627437,14.704005671747607,0.0,5.5140021269053525
2024-09-01,101.66633272553645,0.0,0.0,99.03628036651884,0.0,213.86277895416916,36.83826252876143,252.16860259172824,20.698602794411176,0.0,193.54207550126733,0.0,0.0,88.6409413519203,27.0,1.0,0.0,45.1150493898896,7.012783265543289,51.0,13.225710991865078,14.719659332860184,0.0,0.0,31.892595221197066,0.0,2.4532765554766973,7.359829666430092,16.885322167946033,2.4121888811351475,0.0,12.060944405675738,0.0,0.0,2.4121888811351475,5.5140021269053525,0.0,0.0,44.11201701524282,0.0,0.0,1.838000708968451
2024-10-01,44.7717927631579,0.0,0.0,80.03341563677769,0.0,0.0,36.83826252876143,76.41779490742934,20.698602794411176,0.0,162.82691413089373,0.0,0.0,109.33954414633149,10.0,1.0,0.0,40.102266124346315,1.0,6.0,13.225710991865078,7.359829666430092,0.0,0.0,22.079488999290277,0.0,0.0,7.359829666430092,4.824377762270295,2.4121888811351475,0.0,7.2365666434054425,0.0,0.0,2.4121888811351475,3.676001417936902,1.838000708968451,0.0,79.03403048564338,0.0,0.0,1.838000708968451
2024-11-01,8.52796052631579,0.0,0.0,83.5450986709802,0.0,5.406673618352451,30.126288418729075,21.998302927450148,0.0,0.0,148.51754473666162,0.0,0.0,109.33954414633149,5.0,1.0,0.0,35.089482858803024,0.0,32.0,13.225710991865078,4.906553110953395,0.0,0.0,19.62621244381358,0.0,0.0,4.906553110953395,2.4121888811351475,2.4121888811351475,0.0,7.2365666434054425,0.0,0.0,2.4121888811351475,1.838000708968451,0.0,0.0,9.190003544842254,0.0,0.0,1.838000708968451
2024-12-01,0.0,7.5144927536231885,0.0,81.78925715387895,0.0,0.0,36.83826252876143,21.998302927450148,0.0,0.0,134.9736266393665,0.0,0.0,88.6409413519203,2.0,2.0,0.0,31.076699593259733,0.0,1.0,13.225710991865078,2.4532765554766973,2.4532765554766973,0.0,19.62621244381358,0.0,0.0,2.4532765554766973,2.4121888811351475,0.0,0.0,7.2365666434054425,0.0,0.0,2.4121888811351475,0.0,0.0,0.0,7.352002835873804,0.0,0.0,1.838000708968451
2025-01-01,0.0,7.5144927536231885,0.0,115.97191162078605,0.0,5.406673618352451,41.83344557307743,8.79932117098006,20.698602794411176,0.0,164.25785107031692,0.0,0.0,109.33954414633149,2.0,1.0,0.0,40.102266124346315,0.0,2.0,13.225710991865078,2.4532765554766973,0.0,0.0,22.079488999290277,0.0,0.0,4.906553110953395,2.4121888811351475,2.4121888811351475,0.0,7.2365666434054425,0.0,0.0,2.4121888811351475,0.0,0.0,0.0,7.352002835873804,0.0,0.0,1.838000708968451
2025-02-01,12.791940789473685,12.023188405797102,0.0,121.23943617208981,0.0,0.0,35.12147146304507,0.0,20.698602794411176,0.0,196.40394938011377,0.0,0.0,109.33954414633149,3.0,1.0,0.0,36.089482858803024,0.0,2.0,13.225710991865078,2.4532765554766973,2.4532765554766973,0.0,19.62621244381358,0.0,0.0,4.906553110953395,2.4121888811351475,2.4121888811351475,0.0,7.2365666434054425,0.0,0.0,2.4121888811351475,0.0,0.0,0.0,5.5140021269053525,0.0,0.0,1.838000708968451
2025-03-01,10.659950657894736,13.52608695652174,0.0,92.32430625648647,0.0,0.0,36.83826252876143,17.59864234196012,33.190906368229946,0.0,136.4045635787897,0.0,0.0,88.6409413519203,6.0,1.0,0.0,37.089482858803024,0.0,4.0,13.225710991865078,2.4532765554766973,0.0,0.0,17.17293588833688,0.0,0.0,2.4532765554766973,2.4121888811351475,12.060944405675738,0.0,7.2365666434054425,0.0,0.0,2.4121888811351475,0.0,0.0,0.0,5.5140021269053525,0.0,0.0,1.838000708968451
2025-04-01,12.791940789473685,16.531884057971016,0.0,80.03341563677769,0.0,0.0,25.13110537441308,60.20720038116482,62.09580838323353,0.0,133.54268969994328,0.0,0.0,65.01907347037132,11.0,3.0,0.0,32.07669959325973,0.0,2.0,13.225710991865078,4.906553110953395,2.4532765554766973,0.0,17.17293588833688,0.0,0.0,2.4532765554766973,7.2365666434054425,33.770644335892065,0.0,7.2365666434054425,0.0,0.0,2.4121888811351475,1.838000708968451,0.0,0.0,5.5140021269053525,0.0,0.0,1.838000708968451
2025-05-01,21.319901315789473,12.023188405797102,0.0,66.60946741671297,0.0,0.0,36.83826252876143,133.84889965720294,41.39720558882235,0.0,168.55066188858655,9.71623611297015,0.0,65.01907347037132,17.0,4.0,0.0,30.076699593259733,0.0,1.0,8.119247128704183,7.359829666430092,2.4532765554766973,0.0,22.079488999290277,0.0,0.0,4.906553110953395,9.64875552454059,12.060944405675738,0.0,7.2365666434054425,0.0,0.0,2.4121888811351475,1.838000708968451,1.838000708968451,0.0,14.704005671747607,0.0,0.0,5.5140021269053525
2025-06-01,62.503345953931344,7.5144927536231885,0.0,76.83312456094784,0.0,10.813347236704901,36.83826252876143,203.09093834775103,41.39720558882235,0.0,133.54268969994328,0.0,0.0,65.01907347037132,27.0,4.0,0.0,31.076699593259733,0.0,1.0,14.225710991865078,12.266382777383487,2.4532765554766973,0.0,53.972084220487346,0.0,0.0,4.906553110953395,19.29751104908118,14.473133286810885,0.0,7.2365666434054425,0.0,0.0,2.4121888811351475,5.5140021269053525,1.838000708968451,0.0,14.704005671747607,0.0,0.0,1.838000708968451
2025-07-01,102.33552631578948,83.79186488919869,0.0,97.59183080779022,0.0,35.14337851929093,40.271844660194176,242.89814854704267,156.23829572817957,0.0,154.24129249435447,0.0,34.700843260607684,109.33954414633149,33.0,35.0,0.0,34.089482858803024,0.0,4.0,13.225710991865078,12.266382777383487,2.4532765554766973,0.0,19.62621244381358,0.0,0.0,2.4532765554766973,21.709699930216328,16.885322167946033,0.0,9.64875552454059,0.0,0.0,2.4121888811351475,7.352002835873804,53.30202056008507,5.5140021269053525,29.408011343495215,0.0,0.0,5.5140021269053525
2025-08-01,229.36267609018896,109.30499840260231,0.0,99.03628036651884,0.0,64.85190445884783,36.83826252876143,291.2943727316191,179.83486914539276,0.0,137.8355005182129,0.0,61.07348413866952,109.33954414633149,61.0,32.0,0.0,36.089482858803024,0.0,22.0,14.225710991865078,22.079488999290277,63.78519044239413,0.0,22.079488999290277,0.0,0.0,7.359829666430092,33.770644335892065,26.534077692486623,0.0,12.060944405675738,0.0,4.824377762270295,2.4121888811351475,7.352002835873804,38.59801488833747,5.5140021269053525,27.570010634526763,0.0,0.0,3.676001417936902
2025-09-01,136.89993602911017,288.487249862043,0.0,88.81262322228396,0.0,10.813347236704901,36.83826252876143,176.45745769640763,411.1488894784384,0.0,137.8355005182129,0.0,104.10252978182305,85.71767626478251,43.0,66.0,0.0,31.076699593259733,0.0,4.0,13.225710991865078,9.81310622190679,2.4532765554766973,0.0,17.17293588833688,0.0,0.0,2.4532765554766973,14.473133286810885,26.534077692486623,0.0,7.2365666434054425,0.0,0.0,2.4121888811351475,5.5140021269053525,25.732009925558312,0.0,16.542006380716057,0.0,0.0,1.838000708968451
2025-10-01,36.2438322368421,27.38648601550928,0.0,76.83312456094784,0.0,0.0,36.83826252876143,51.40787921018476,60.829677814762654,0.0,132.11175276052006,0.0,0.0,65.01907347037132,11.0,11.0,0.0,31.076699593259733,0.0,2.0,13.225710991865078,7.359829666430092,4.906553110953395,0.0,22.079488999290277,0.0,0.0,4.906553110953395,4.824377762270295,7.2365666434054425,0.0,4.824377762270295,0.0,0.0,2.4121888811351475,1.838000708968451,3.676001417936902,0.0,9.190003544842254,0.0,0.0,1.838000708968451
2025-11-01,10.659950657894736,18.034782608695654,8.110010427528676,110.7043870694823,0.0,5.406673618352451,48.545419683109785,0.0,41.39720558882235,0.0,187.43219886258439,0.0,0.0,132.96141202788044,6.0,10.0,0.0,35.102266124346315,0.0,1.0,16.238494257408366,2.4532765554766973,9.81310622190679,0.0,22.079488999290277,2.4532765554766973,0.0,4.906553110953395,2.4121888811351475,2.4121888811351475,0.0,4.824377762270295,0.0,0.0,2.4121888811351475,1.838000708968451,3.676001417936902,0.0,7.352002835873804,0.0,0.0,3.676001417936902
2025-12-01,0.0,21.04057971014493,6.011594202898551,131.15170135795205,0.0,0.0,36.83826252876143,13.19898175647009,52.50147543221681,0.0,184.95645386472808,0.0,0.0,130.03814694074265,4.0,10.0,0.0,48.12783265543289,0.0,1.0,17.238494257408366,2.4532765554766973,9.81310622190679,0.0,19.62621244381358,0.0,0.0,4.906553110953395,2.4121888811351475,2.4121888811351475,0.0,4.824377762270295,0.0,0.0,2.4121888811351475,0.0,1.838000708968451,0.0,7.352002835873804,0.0,0.0,1.838000708968451
