time [UTC],DE::Aedes,DE::Chikungunya,DE::Culex,DE::Dengue,DE::Usutu,DE::West Nile,DE::Zika,AT::Aedes,AT::Chikungunya,AT::Culex,AT::Dengue,AT::Usutu,AT::West Nile,AT::Zika,CH::Aedes,CH::Chikungunya,CH::Culex,CH::Dengue,CH::Usutu,CH::West Nile,CH::Zika,IT::Aedes,IT::Chikungunya,IT::Culex,IT::Dengue,IT::Usutu,IT::West Nile,IT::Zika,ES::Aedes,ES::Chikungunya,ES::Culex,ES::Dengue,ES::Usutu,ES::West Nile,ES::Zika,FR::Aedes,FR::Chikungunya,FR::Culex,FR::Dengue,FR::Usutu,FR::West Nile,FR::Zika
2010-01-01,0.0,0.5405405405405405,0.0,10.325710325710325,0.0,0.0,0.0,0.0,0.0,0.0,4.166666666666667,0.0,0.0,0.0,0.0,0.0,0.0,17.176470588235293,0.0,0.0,0.0,5.0,0.0,0.0,8.0,0.0,0.0,0.0,0.0,0.0,0.0,39.285714285714285,0.0,0.0,0.0,0.0,16.666666666666664,0.0,2.083333333333333,0.0,0.0,0.0
2010-02-01,0.0,0.7142857142857142,0.0,18.452380952380953,0.0,0.0,0.0,0.0,0.0,0.0,5.0,0.0,0.0,0.0,,,,,,,,4.166666666666666,0.0,0.0,6.666666666666666,0.0,0.0,0.0,3.125,0.0,0.0,40.625,0.0,0.0,0.0,0.0,0.0,0.0,2.083333333333333,0.0,0.0,0.0
2010-03-01,0.0,0.689655172413793,0.0,26.72413793103448,0.0,0.0,1.6666666666666667,0.0,0.0,0.0,11.57407407407407,0.0,0.0,5.5555555555555545,0.0,0.0,0.0,4.0,0.0,0.0,3.9560439560439558,3.571428571428571,0.0,0.0,2.8571428571428568,0.0,0.0,0.0,3.125,0.0,0.0,43.75,0.0,0.0,0.0,0.0,0.0,0.0,2.083333333333333,0.0,0.0,0.0
2010-04-01,0.0,0.0,0.0,27.298850574712645,0.0,0.0,0.0,0.0,0.0,0.0,14.646464646464645,0.0,0.0,0.0,0.0,0.0,0.0,6.0,0.0,0.0,0.0,7.5,0.0,0.0,2.0,0.0,3.3333333333333335,0.0,2.5,0.0,0.0,35.0,0.0,0.0,0.0,0.0,6.25,0.0,1.5625,0.0,0.0,0.0
2010-05-01,0.0,0.0,0.0,25.632183908045977,0.0,0.0,0.0,0.0,0.0,0.0,6.666666666666667,0.0,0.0,0.0,0.0,0.0,0.0,4.0,0.0,0.0,0.0,7.142857142857142,2.380952380952381,1.1904761904761905,1.4285714285714284,0.0,0.0,0.0,4.545454545454546,0.0,0.0,31.81818181818182,0.0,0.0,0.0,0.0,4.166666666666666,0.0,1.0416666666666665,0.0,0.0,0.0
2010-06-01,0.5208333333333334,0.0,0.0,18.75,0.0,0.78125,0.0,0.0,0.0,0.0,6.666666666666667,0.0,0.0,0.0,0.0,0.0,0.0,8.0,0.0,0.0,0.0,8.823529411764707,0.0,0.9803921568627451,2.352941176470588,0.0,0.0,0.0,5.76923076923077,0.0,0.0,57.692307692307686,0.0,0.0,0.0,1.9047619047619049,3.3333333333333335,0.0,0.8333333333333334,0.0,0.0,0.0
2010-07-01,0.8771929824561403,0.5263157894736842,0.0,13.29284750337382,0.0,0.0,0.0,6.504065040650406,4.819277108433736,0.0,7.6923076923076925,0.0,0.0,0.0,0.0,0.0,0.0,7.666666666666666,0.0,0.0,0.0,6.25,0.0,0.0,2.5,0.0,0.0,0.0,6.578947368421052,0.0,0.0,18.421052631578945,0.0,0.0,0.0,2.484472049689441,2.1739130434782608,0.0,1.0869565217391304,0.0,0.0,0.0
2010-08-01,0.9523809523809524,0.0,0.0,17.6984126984127,0.0,0.0,0.0,0.0,0.0,0.0,20.416666666666668,0.0,0.0,0.0,2.5,0.0,0.0,12.879432624113473,0.0,0.0,0.0,7.142857142857142,0.0,0.0,4.2857142857142865,0.0,1.1904761904761905,0.0,7.894736842105263,0.0,0.0,15.789473684210526,0.0,0.0,0.0,2.0408163265306123,1.7857142857142856,0.0,5.803571428571429,0.0,0.0,0.0
2010-09-01,0.5050505050505051,0.6060606060606061,0.0,18.434343434343436,0.0,0.7575757575757576,1.3888888888888886,0.0,0.0,0.0,21.590909090909093,0.0,0.0,0.0,0.0,11.11111111111111,0.0,17.483870967741936,0.0,0.0,3.8461538461538463,6.25,2.0833333333333335,0.0,7.5,0.0,0.0,0.0,6.666666666666667,0.0,0.0,18.333333333333336,0.0,0.0,0.0,2.857142857142857,7.5,0.0,6.875,0.0,0.0,0.0
2010-10-01,0.5952380952380952,0.7142857142857142,0.0,17.5,0.0,0.0,0.0,0.0,0.0,0.0,20.761494252873565,0.0,0.0,6.25,0.0,0.0,0.0,10.518518518518517,0.0,0.0,0.0,5.0,0.0,0.0,4.0,0.0,0.0,0.0,5.555555555555555,0.0,0.0,24.999999999999996,0.0,0.0,0.0,2.857142857142857,10.0,0.0,3.75,0.0,0.0,0.0
2010-11-01,0.6172839506172839,0.7692307692307693,0.0,27.991452991452988,0.0,0.0,0.0,0.0,0.0,0.0,26.08108108108108,0.0,0.0,5.0,0.0,0.0,0.0,39.76470588235294,0.0,0.0,7.6923076923076925,3.125,0.0,0.0,45.0,0.0,0.0,0.0,3.125,0.0,0.0,121.875,0.0,0.0,0.0,0.0,8.333333333333332,0.0,8.333333333333332,0.0,0.0,0.0
2010-12-01,0.0,1.4814814814814814,0.0,13.580246913580245,0.0,0.0,1.8518518518518519,0.0,0.0,0.0,0.0,0.0,0.0,0.0,,,,,,,,0.0,0.0,0.0,5.0,0.0,0.0,0.0,0.0,0.0,0.0,57.14285714285714,0.0,0.0,0.0,0.0,12.5,0.0,3.125,0.0,0.0,0.0
2011-01-01,0.0,0.0,0.0,7.1078431372549025,0.0,0.0,0.0,0.0,0.0,0.0,17.845117845117844,0.0,0.0,3.7037037037037037,0.0,0.0,0.0,5.91304347826087,0.0,0.0,0.0,0.0,0.0,0.0,5.7142857142857135,0.0,0.0,0.0,0.0,0.0,0.0,35.71428571428571,0.0,0.0,0.0,0.0,0.0,0.0,2.083333333333333,0.0,0.0,0.0
2011-02-01,0.0,0.0,0.0,4.878917378917379,0.0,0.0,0.0,0.0,0.0,0.0,15.845648604269293,0.0,0.0,0.0,0.0,0.0,0.0,10.4,0.0,0.0,0.0,2.7777777777777777,0.0,0.0,4.444444444444445,0.0,0.0,0.0,0.0,0.0,0.0,21.875,0.0,0.0,0.0,0.0,8.333333333333332,0.0,2.083333333333333,0.0,0.0,0.0
2011-03-01,0.4166666666666667,0.0,0.0,4.0476190476190474,0.0,0.0,0.0,0.0,0.0,0.0,9.504504504504505,0.0,0.0,3.3333333333333335,,,,,,,,3.125,0.0,0.0,2.5,0.0,0.0,0.0,0.0,0.0,0.0,21.428571428571427,0.0,0.0,0.0,0.0,8.333333333333332,0.0,2.083333333333333,0.0,0.0,0.0
2011-04-01,0.3703703703703704,0.0,0.0,3.935185185185185,0.0,0.0,0.0,0.0,0.0,0.0,3.3333333333333335,0.0,0.0,0.0,0.0,0.0,0.0,15.2,0.0,0.0,7.6923076923076925,4.166666666666666,0.0,0.0,1.6666666666666665,0.0,0.0,0.0,2.5,0.0,0.0,15.0,0.0,0.0,0.0,0.0,3.571428571428571,0.0,0.8928571428571428,0.0,0.0,0.0
2011-05-01,0.4166666666666667,0.5,0.0,4.0476190476190474,0.0,0.0,0.0,0.0,0.0,0.0,12.222222222222221,0.0,0.0,0.0,2.1052631578947367,0.0,0.0,5.257142857142856,0.0,0.0,0.0,5.357142857142857,0.0,0.0,1.4285714285714284,0.0,0.0,0.0,3.571428571428571,0.0,0.0,14.285714285714283,0.0,0.0,0.0,1.4285714285714286,2.5,0.0,0.625,0.0,0.0,0.0
2011-06-01,0.8130081300813008,0.4878048780487805,0.0,3.848238482384824,0.0,0.0,0.0,0.0,0.0,0.0,7.87037037037037,0.0,0.0,3.7037037037037037,2.222222222222222,3.8011695906432745,0.0,4.0,0.0,0.0,0.0,4.3478260869565215,0.0,0.0,0.8695652173913043,0.0,0.0,0.0,5.555555555555555,0.0,0.0,44.44444444444445,0.0,0.0,0.0,1.298701298701299,2.272727272727273,0.0,0.5681818181818182,0.0,0.0,0.0
2011-07-01,0.7751937984496124,0.4651162790697675,0.0,3.772609819121447,0.0,0.0,0.0,0.0,0.0,0.0,3.3333333333333335,0.0,0.0,3.3333333333333335,13.333333333333334,0.0,5.128205128205128,15.8,0.0,0.0,0.0,5.434782608695652,0.0,0.0,1.7391304347826086,0.0,0.0,0.0,5.952380952380952,0.0,0.0,7.142857142857142,0.0,0.0,0.0,1.1904761904761902,2.083333333333333,0.0,0.5208333333333333,0.0,0.0,0.0
2011-08-01,0.65359477124183,0.0,0.0,3.8126361655773415,0.0,0.980392156862745,0.0,0.0,0.0,0.0,4.166666666666667,0.0,0.0,4.166666666666667,0.0,0.0,0.0,4.1764705882352935,0.0,0.0,0.0,5.64516129032258,0.0,0.0,1.2903225806451613,0.0,0.0,0.0,7.954545454545454,0.0,0.0,6.818181818181818,0.0,0.0,0.0,1.6806722689075628,2.941176470588235,0.0,0.3676470588235294,0.0,0.0,0.0
2011-09-01,0.6944444444444443,0.0,0.0,5.718954248366013,5.024509803921568,0.0,0.34722222222222215,0.0,0.0,0.0,14.0625,0.0,0.0,0.0,7.692307692307691,0.0,0.0,8.333333333333332,0.0,0.0,0.0,5.434782608695652,0.0,0.0,1.7391304347826086,0.0,0.0,0.0,7.352941176470589,0.0,0.0,7.352941176470589,0.0,0.0,0.0,1.5873015873015872,5.555555555555555,0.0,0.6944444444444444,0.0,0.0,0.0
2011-10-01,0.3875968992248062,0.0,0.0,3.772609819121447,0.0,0.0,0.0,0.0,0.0,0.0,13.69047619047619,0.0,0.0,4.761904761904762,4.166666666666667,0.0,0.0,8.333333333333334,0.0,0.0,3.8461538461538463,2.941176470588235,0.0,0.0,1.176470588235294,0.0,0.0,0.0,4.166666666666666,0.0,0.0,14.583333333333332,0.0,0.0,0.0,2.3809523809523805,4.166666666666666,0.0,1.0416666666666665,0.0,0.0,0.0
2011-11-01,0.45045045045045035,0.0,0.0,6.098406098406099,0.0,0.0,0.0,0.0,0.0,0.0,7.1428571428571415,0.0,0.0,4.761904761904762,0.0,17.98941798941799,0.0,10.2,0.0,0.0,7.6923076923076925,1.7857142857142856,0.0,0.0,1.4285714285714284,0.0,0.0,0.0,3.125,0.0,0.0,34.375,0.0,0.0,0.0,0.0,0.0,0.0,1.5625,0.0,0.0,0.0
2011-12-01,0.0,0.6451612903225806,0.0,6.695992179863147,0.0,0.0,0.0,0.0,0.0,0.0,7.1428571428571415,0.0,0.0,0.0,0.0,0.0,0.0,11.058823529411766,0.0,0.0,0.0,2.7777777777777777,0.0,0.0,2.2222222222222223,0.0,0.0,0.0,0.0,0.0,0.0,50.0,0.0,0.0,0.0,0.0,0.0,0.0,2.083333333333333,0.0,0.0,0.0
2012-01-01,0.0,0.588235294117647,0.0,8.088235294117647,0.0,0.0,0.0,0.0,0.0,0.0,19.642857142857142,0.0,0.0,0.0,0.0,0.0,0.0,7.6923076923076925,0.0,0.0,0.0,2.7777777777777777,0.0,0.0,22.22222222222222,0.0,0.0,0.0,0.0,0.0,0.0,85.71428571428571,0.0,0.0,0.0,0.0,6.25,0.0,1.5625,0.0,0.0,0.0
2012-02-01,0.0,0.5714285714285714,0.0,7.5,0.0,0.7142857142857143,0.0,0.0,0.0,0.0,15.972222222222221,0.0,0.0,8.333333333333334,0.0,7.18954248366013,0.0,14.75,0.0,0.0,0.0,2.5,0.0,0.0,4.0,0.0,0.0,0.0,0.0,0.0,0.0,31.25,0.0,0.0,0.0,0.0,8.333333333333332,0.0,2.083333333333333,0.0,0.0,0.0
2012-03-01,0.37878787878787884,0.0,0.0,5.717592592592593,0.0,0.0,0.0,0.0,0.0,0.0,9.428571428571429,0.0,0.0,0.0,0.0,0.0,0.0,9.0,0.0,0.0,0.0,1.9230769230769231,0.0,0.0,1.5384615384615385,0.0,0.0,0.0,2.7777777777777777,0.0,0.0,24.999999999999996,0.0,0.0,0.0,0.0,6.25,0.0,1.5625,0.0,0.0,0.0
2012-04-01,1.2195121951219512,0.4878048780487805,0.0,6.416957026713123,0.0,0.0,0.0,0.0,0.0,0.0,15.696649029982362,0.0,7.97872340425532,4.761904761904762,2.8571428571428563,0.0,0.0,14.848861283643892,0.0,0.0,0.0,1.7857142857142856,0.0,0.0,2.8571428571428568,0.0,0.0,0.0,2.7777777777777777,0.0,0.0,19.444444444444443,0.0,0.0,0.0,2.857142857142857,10.0,0.0,1.25,0.0,0.0,0.0
2012-05-01,3.260869565217391,0.0,0.0,6.023550724637681,0.0,0.0,0.0,4.166666666666667,0.0,4.651162790697675,23.0,0.0,0.0,0.0,6.031746031746031,0.0,0.0,6.857142857142858,0.0,0.0,0.0,3.9473684210526314,0.0,0.0,1.0526315789473684,0.0,0.0,0.0,3.571428571428571,0.0,0.0,16.07142857142857,0.0,0.0,0.0,2.1978021978021975,1.9230769230769231,0.0,0.4807692307692308,0.0,0.0,0.0
2012-06-01,1.3605442176870748,0.40816326530612246,0.0,4.981992797118847,0.0,0.0,0.0,0.0,0.0,3.87409200968523,17.676767676767675,0.0,0.0,0.0,5.757575757575759,0.0,0.0,5.294117647058823,0.0,0.0,0.0,3.846153846153846,0.0,0.0,1.5384615384615385,0.0,0.0,0.0,4.545454545454546,0.0,0.0,34.09090909090909,0.0,0.0,0.0,2.3809523809523805,1.3888888888888888,0.0,0.3472222222222222,0.0,0.0,0.0
2012-07-01,3.2679738562091507,0.392156862745098,0.0,5.3921568627450975,0.0,0.0,0.0,15.624367536935843,0.0,0.0,18.954248366013072,0.0,0.0,3.7037037037037037,11.286935286935288,3.4391534391534395,0.0,7.179487179487179,0.0,0.0,2.564102564102564,4.032258064516129,0.0,0.0,1.935483870967742,0.0,0.0,0.0,4.545454545454546,0.0,0.0,15.90909090909091,0.0,0.0,0.0,2.597402597402598,2.272727272727273,0.0,0.5681818181818182,0.0,0.0,0.0
2012-08-01,3.3333333333333335,0.4,0.0,6.703703703703703,6.555555555555555,1.0,0.0,7.471264367816094,0.0,0.0,13.73873873873874,0.0,6.25,3.3333333333333335,8.76923076923077,3.7037037037037033,0.0,7.487179487179486,0.0,4.545454545454546,0.0,5.64516129032258,1.075268817204301,0.0,3.225806451612903,0.0,0.0,0.0,4.807692307692309,0.0,0.0,7.692307692307692,0.0,0.0,0.0,3.4482758620689657,2.586206896551724,0.0,0.43103448275862066,0.0,0.0,0.0
2012-09-01,1.2578616352201257,0.0,0.0,7.845084409136047,0.0,0.4716981132075472,0.0,0.0,0.0,0.0,12.972972972972974,0.0,0.0,3.3333333333333335,11.39784946236559,0.0,0.0,9.03448275862069,0.0,0.0,0.0,4.0,0.0,0.0,1.6,0.0,0.0,0.0,4.6875,0.0,0.0,12.5,0.0,0.0,0.0,2.597402597402598,2.272727272727273,0.0,1.1363636363636365,0.0,0.0,0.0
2012-10-01,0.7575757575757577,0.0,0.0,7.575757575757575,0.0,0.0,0.0,0.0,0.0,0.0,20.238095238095237,0.0,0.0,4.761904761904762,5.703703703703704,0.0,0.0,10.37037037037037,0.0,0.0,0.0,2.7777777777777777,0.0,0.0,2.2222222222222223,0.0,0.0,0.0,4.545454545454546,0.0,0.0,15.90909090909091,0.0,0.0,0.0,2.3809523809523805,4.166666666666666,0.0,1.0416666666666665,0.0,0.0,0.0
2012-11-01,0.4065040650406504,0.4878048780487805,0.0,20.063879210220673,0.0,1.2195121951219512,0.0,0.0,0.0,0.0,31.86813186813187,0.0,0.0,4.761904761904762,2.8571428571428563,0.0,0.0,20.727272727272727,0.0,0.0,0.0,2.083333333333333,0.0,0.0,3.333333333333333,0.0,0.0,0.0,2.7777777777777777,0.0,0.0,25.0,0.0,0.0,0.0,0.0,0.0,0.0,1.5625,0.0,0.0,0.0
2012-12-01,0.42735042735042733,0.0,0.0,13.55311355311355,0.0,0.0,0.0,0.0,0.0,0.0,35.35353535353536,0.0,0.0,5.5555555555555545,0.0,0.0,0.0,12.4,0.0,3.03030303030303,3.8461538461538463,0.0,0.0,0.0,2.8571428571428568,0.0,0.0,0.0,0.0,0.0,0.0,53.57142857142857,0.0,0.0,0.0,0.0,0.0,0.0,2.083333333333333,0.0,0.0,0.0
2013-01-01,0.3968253968253968,0.0,0.0,10.84010840108401,0.0,0.0,0.0,0.0,0.0,0.0,38.91941391941392,0.0,0.0,7.1428571428571415,2.222222222222222,5.555555555555555,0.0,14.0,0.0,0.0,0.0,0.0,0.0,0.0,3.333333333333333,0.0,0.0,0.0,0.0,0.0,0.0,57.14285714285714,0.0,0.0,0.0,0.0,8.333333333333332,0.0,2.083333333333333,0.0,0.0,0.0
2013-02-01,0.0,0.0,0.0,8.50948509485095,0.0,0.0,0.0,0.0,0.0,0.0,19.642857142857142,0.0,0.0,4.761904761904762,0.0,0.0,0.0,27.6,0.0,0.0,7.6923076923076925,0.0,0.0,0.0,1.4285714285714284,0.0,0.0,0.0,0.0,0.0,0.0,39.28571428571428,0.0,0.0,0.0,0.0,6.25,0.0,1.5625,0.0,0.0,0.0
2013-03-01,0.0,0.0,0.0,8.826945412311266,0.0,0.0,0.0,0.0,0.0,0.0,27.160493827160494,0.0,0.0,4.761904761904762,0.0,0.0,0.0,21.052631578947366,0.0,0.0,0.0,1.3157894736842104,0.0,0.0,2.1052631578947367,0.0,0.0,0.0,0.0,0.0,0.0,19.444444444444443,0.0,0.0,0.0,0.0,0.0,0.0,3.125,0.0,0.0,0.0
2013-04-01,0.3875968992248062,0.0,0.0,9.819121447028422,0.0,0.5813953488372093,0.0,8.974358974358974,0.0,0.0,35.416666666666664,0.0,0.0,4.166666666666667,0.0,0.0,0.0,15.833333333333332,0.0,0.0,0.0,0.8620689655172413,0.0,0.0,2.7586206896551717,0.0,0.0,0.0,1.9230769230769231,0.0,0.0,19.230769230769234,0.0,0.0,0.0,0.0,0.0,0.0,2.083333333333333,0.0,0.0,0.0
2013-05-01,0.34722222222222215,0.41666666666666663,0.0,5.371732026143792,0.0,0.0,0.0,0.0,0.0,0.0,12.799564270152507,0.0,0.0,0.0,2.962962962962963,0.0,0.0,15.285714285714285,0.0,0.0,0.0,2.1739130434782608,0.0,0.0,1.7391304347826086,0.0,0.0,0.0,1.7857142857142856,0.0,0.0,16.07142857142857,0.0,0.0,0.0,3.1746031746031744,2.7777777777777777,0.0,1.3888888888888888,0.0,0.0,0.0
2013-06-01,2.380952380952381,0.3571428571428571,0.0,7.440476190476191,0.0,0.0,0.0,4.666666666666667,0.0,0.0,18.229166666666668,0.0,4.761904761904762,4.166666666666667,8.458874458874458,5.555555555555555,0.0,15.878787878787877,0.0,0.0,0.0,2.7777777777777777,1.2345679012345678,0.0,2.2222222222222223,0.0,0.0,0.0,3.571428571428571,0.0,0.0,41.666666666666664,0.0,0.0,0.0,2.7210884353741496,1.1904761904761905,0.0,0.5952380952380952,0.0,0.0,0.0
2013-07-01,2.6996996996996994,0.2666666666666667,0.0,6.735042735042735,0.0,0.3333333333333334,0.6410256410256411,3.6458333333333335,0.0,0.0,26.12712490761271,0.0,0.0,0.0,11.343915343915345,2.7777777777777777,0.0,7.90909090909091,0.0,0.0,0.0,3.3333333333333335,0.0,0.0,2.0,0.0,0.0,0.0,4.310344827586207,0.0,0.0,8.620689655172415,0.0,0.0,0.0,2.521008403361345,0.980392156862745,0.0,0.24509803921568624,0.0,0.0,0.0
2013-08-01,2.34375,0.3125,0.0,6.487771739130435,0.0,0.78125,0.0,0.0,0.0,0.0,17.708333333333332,0.0,0.0,7.196969696969698,22.126113455227383,6.132208157524613,0.0,10.28888888888889,0.0,0.0,0.0,4.838709677419355,0.0,0.0,3.225806451612903,0.0,0.0,0.0,4.6875,0.0,0.0,7.8125,0.0,0.0,0.0,2.7649769585253456,0.8064516129032258,0.0,0.6048387096774194,0.0,0.0,0.0
2013-09-01,1.3333333333333333,0.4,0.0,8.962962962962964,0.0,0.0,0.0,0.0,0.0,0.0,20.094086021505376,0.0,0.0,4.166666666666667,11.91111111111111,0.0,0.0,7.507246376811594,0.0,0.0,2.564102564102564,3.571428571428571,0.0,0.0,2.8571428571428568,0.0,0.0,0.0,5.263157894736842,0.0,0.0,10.526315789473683,0.0,0.0,0.0,2.3809523809523805,2.083333333333333,0.0,1.0416666666666665,0.0,0.0,0.0
2013-10-01,1.4814814814814816,0.4444444444444445,0.0,7.87037037037037,0.0,0.0,0.0,0.0,0.0,0.0,17.405913978494624,0.0,0.0,4.166666666666667,8.888888888888888,0.0,0.0,20.14814814814815,0.0,0.0,0.0,2.272727272727273,0.0,0.0,1.8181818181818183,0.0,0.0,0.0,3.125,0.0,0.0,10.9375,0.0,0.0,0.0,1.7857142857142858,0.0,0.0,1.5625,0.0,0.0,0.0
2013-11-01,0.303030303030303,0.3636363636363636,0.0,6.236044657097288,0.0,0.0,0.0,0.0,3.333333333333333,0.0,12.45380635624538,0.0,0.0,0.0,7.17948717948718,3.7037037037037033,0.0,9.948717948717949,0.0,0.0,0.0,1.6666666666666667,0.0,0.0,2.666666666666667,0.0,0.0,0.0,2.272727272727273,0.0,0.0,25.0,0.0,0.0,0.0,0.0,0.0,0.0,3.125,0.0,0.0,0.0
2013-12-01,0.45045045045045035,0.5405405405405405,0.0,6.999306999307,0.0,0.0,0.0,0.0,0.0,0.0,15.696649029982362,0.0,0.0,4.761904761904762,0.0,0.0,3.8461538461538463,9.619047619047619,0.0,0.0,3.8461538461538463,0.0,0.0,0.0,3.333333333333333,0.0,0.0,0.0,0.0,0.0,0.0,31.25,0.0,0.0,0.0,0.0,8.333333333333332,0.0,4.166666666666666,0.0,0.0,4.761904761904761
2014-01-01,7.936507936507936,0.47619047619047616,0.0,8.015873015873016,0.0,0.0,0.0,3.3333333333333335,0.0,0.0,25.520833333333332,0.0,0.0,0.0,4.761904761904762,11.11111111111111,0.0,22.8,0.0,0.0,7.6923076923076925,0.0,0.0,0.0,3.333333333333333,0.0,0.0,0.0,0.0,0.0,0.0,46.875,0.0,0.0,0.0,0.0,12.5,0.0,3.125,0.0,0.0,0.0
2014-02-01,0.7936507936507936,0.47619047619047616,0.0,6.507936507936507,0.0,0.0,0.0,0.0,0.0,0.0,19.556451612903228,0.0,0.0,4.166666666666667,0.0,5.555555555555555,0.0,10.571428571428571,0.0,0.0,3.8461538461538463,1.1363636363636365,0.0,0.0,0.9090909090909092,0.0,0.0,0.0,0.0,0.0,0.0,37.5,0.0,0.0,0.0,0.0,10.0,0.0,2.5,0.0,0.0,0.0
2014-03-01,1.0638297872340425,0.425531914893617,0.0,6.758448060075094,0.0,0.0,0.0,0.0,0.0,0.0,14.973544973544975,0.0,0.0,3.7037037037037037,2.5,0.0,0.0,8.833333333333334,0.0,0.0,3.8461538461538463,1.5625,0.0,0.0,2.5,0.0,0.0,0.0,2.5,0.0,0.0,20.0,0.0,0.0,0.0,2.3809523809523805,8.333333333333332,0.0,2.083333333333333,0.0,0.0,0.0
2014-04-01,0.9803921568627451,0.392156862745098,0.0,6.644880174291939,0.0,0.0,0.0,0.0,0.0,0.0,14.784946236559142,0.0,0.0,4.166666666666667,5.185185185185186,5.555555555555555,0.0,15.10344827586207,0.0,0.0,0.0,1.3888888888888888,0.0,0.0,2.2222222222222223,0.0,0.0,0.0,3.571428571428571,2.380952380952381,0.0,12.5,0.0,0.0,0.0,1.098901098901099,3.846153846153846,0.0,0.9615384615384615,0.0,0.0,0.0
2014-05-01,1.0416666666666667,0.41666666666666663,0.0,6.699346405228757,0.0,0.0,0.0,0.0,0.0,0.0,16.313932980599645,0.0,0.0,9.523809523809524,6.515151515151516,11.11111111111111,0.0,13.636363636363635,0.0,0.0,0.0,2.083333333333333,0.0,0.0,2.5,0.0,0.0,0.0,2.631578947368421,1.7543859649122806,0.0,14.473684210526315,0.0,0.0,0.0,2.597402597402598,9.090909090909092,0.0,1.1363636363636365,0.0,0.0,0.0
2014-06-01,1.9230769230769234,1.5384615384615385,0.0,7.834757834757835,0.0,0.0,0.0,0.0,4.081632653061224,0.0,15.043290043290042,0.0,0.0,3.0303030303030307,16.43089430894309,14.814814814814813,0.0,10.350877192982457,0.0,0.0,0.0,3.448275862068965,2.2988505747126435,0.0,1.379310344827586,0.0,0.0,0.0,4.62962962962963,7.407407407407407,0.0,33.33333333333333,0.0,0.0,0.0,3.8610038610038613,8.108108108108109,0.0,0.5067567567567568,0.0,0.0,0.0
2014-07-01,2.1857923497267753,1.3114754098360657,0.0,5.489319423745653,0.0,0.4098360655737705,0.0,2.2222222222222223,7.727272727272727,0.0,20.87719298245614,0.0,0.0,3.3333333333333335,18.247863247863247,22.22222222222222,0.0,10.444444444444446,0.0,0.0,0.0,3.90625,3.125,0.0,2.5,0.0,0.0,0.0,4.545454545454546,7.070707070707072,0.0,10.606060606060606,0.0,0.0,0.0,4.25531914893617,7.446808510638298,0.0,0.39893617021276595,0.0,0.0,0.0
2014-08-01,4.301075268817204,0.967741935483871,0.0,7.01368523949169,0.0,0.4032258064516129,0.0,3.571428571428571,4.390243902439025,0.0,28.624338624338623,0.0,0.0,3.7037037037037037,8.333333333333334,8.333333333333334,0.0,7.693877551020408,0.0,0.0,0.0,4.411764705882353,4.901960784313725,0.0,3.5294117647058827,0.0,0.0,0.0,5.46875,5.050505050505049,0.0,8.333333333333334,0.0,0.0,0.0,5.306122448979592,7.142857142857142,0.0,1.0714285714285714,0.0,0.0,0.0
2014-09-01,1.6666666666666663,1.9999999999999996,0.0,7.3015873015873005,0.0,0.0,0.0,2.02020202020202,3.2653061224489797,0.0,20.851370851370856,0.0,0.0,3.0303030303030307,7.238095238095238,11.11111111111111,0.0,9.333333333333334,0.0,0.0,0.0,3.448275862068965,2.2988505747126435,0.0,6.206896551724138,0.0,0.0,0.0,5.0,8.0,0.0,10.0,0.0,0.0,0.0,5.194805194805196,5.681818181818182,0.0,0.8522727272727273,0.0,0.0,0.0
2014-10-01,1.7361111111111107,2.5,0.0,8.026960784313724,0.0,0.0,0.0,0.0,2.978723404255319,0.0,14.659090909090908,0.0,0.0,3.0303030303030307,6.666666666666667,24.551971326164875,0.0,17.10344827586207,0.0,0.0,3.8461538461538463,2.083333333333333,1.3888888888888886,0.0,3.333333333333333,0.0,0.0,0.0,5.434782608695652,8.695652173913045,0.0,9.782608695652174,0.0,0.0,0.0,5.1020408163265305,10.714285714285712,0.0,2.678571428571428,0.0,0.0,0.0
2014-11-01,0.7092198581560284,2.9787234042553186,0.0,6.049228201919065,0.0,0.5319148936170213,0.0,0.0,11.918840579710146,0.0,11.099365750528541,0.0,5.357142857142857,3.0303030303030307,0.0,14.92063492063492,0.0,12.757142857142858,0.0,0.0,3.8461538461538463,1.4705882352941175,1.9607843137254901,0.0,2.352941176470588,0.0,0.0,0.0,1.9230769230769231,7.692307692307693,0.0,21.153846153846153,0.0,0.0,0.0,4.761904761904761,16.666666666666664,0.0,2.083333333333333,0.0,0.0,0.0
2014-12-01,0.3546099290780142,2.9787234042553186,0.0,6.403838130997079,0.0,0.0,0.0,0.0,4.651162790697674,1.9780219780219783,11.621621621621621,0.0,0.0,3.3333333333333335,0.0,11.11111111111111,0.0,10.428571428571429,0.0,0.0,0.0,0.0,2.5641025641025643,0.0,1.5384615384615385,0.0,0.0,0.0,2.7777777777777777,11.111111111111109,0.0,25.0,0.0,0.0,0.0,3.5714285714285716,12.5,0.0,1.5625,0.0,0.0,0.0
2015-01-01,0.3703703703703704,3.555555555555556,0.0,7.12962962962963,0.0,0.0,0.0,0.0,12.100775193798448,0.0,22.027027027027028,0.0,0.0,3.3333333333333335,0.0,22.22222222222222,0.0,8.857142857142858,0.0,0.0,3.8461538461538463,0.0,2.0833333333333335,0.0,1.25,0.0,0.0,0.0,3.125,29.166666666666668,0.0,46.875,0.0,0.0,0.0,0.0,12.5,0.0,1.5625,0.0,0.0,0.0
2015-02-01,0.3968253968253968,1.4285714285714284,0.0,13.015873015873014,0.0,0.0,0.0,0.0,3.1818181818181817,0.0,22.192982456140353,0.0,0.0,1.6666666666666667,0.0,11.11111111111111,0.0,12.6,0.0,0.0,7.6923076923076925,0.0,0.0,0.0,1.25,0.0,0.0,0.0,0.0,7.407407407407407,0.0,25.0,0.0,0.0,0.0,0.0,6.25,0.0,1.5625,0.0,0.0,0.0
2015-03-01,0.7246376811594203,1.3043478260869565,0.0,7.4275362318840585,0.0,0.0,0.0,0.0,4.666666666666666,0.0,19.597069597069595,0.0,0.0,4.761904761904762,0.0,22.22222222222222,0.0,20.42105263157895,0.0,0.0,7.6923076923076925,1.4705882352941175,0.0,0.0,2.352941176470588,0.0,0.0,0.0,2.083333333333333,5.5555555555555545,0.0,14.583333333333334,0.0,0.0,0.0,0.0,5.0,0.0,1.25,0.0,0.0,0.0
2015-04-01,0.9803921568627451,0.784313725490196,0.0,7.89760348583878,0.0,0.0,0.0,0.0,0.0,0.0,15.31986531986532,0.0,0.0,5.5555555555555545,0.0,5.555555555555555,0.0,10.838709677419356,0.0,0.0,3.8461538461538463,1.3157894736842104,1.7543859649122806,0.0,2.1052631578947367,0.0,0.0,0.0,3.3333333333333335,4.444444444444445,0.0,18.333333333333332,0.0,0.0,0.0,1.5873015873015872,2.7777777777777777,0.0,1.3888888888888888,0.0,0.0,0.0
2015-05-01,2.380952380952381,0.8163265306122449,0.0,6.982793117246899,0.0,0.0,0.0,0.0,0.0,0.0,12.309368191721134,0.0,0.0,3.7037037037037037,4.19047619047619,3.7037037037037033,0.0,7.696969696969696,0.0,0.0,2.564102564102564,2.7777777777777777,1.2345679012345678,0.0,1.4814814814814814,0.0,0.0,0.0,3.260869565217391,4.3478260869565215,0.0,9.782608695652174,0.0,0.0,0.0,3.1746031746031744,2.7777777777777777,0.0,0.3472222222222222,0.0,0.0,0.0
2015-06-01,2.7777777777777772,0.7407407407407407,0.0,5.977907732293697,0.0,0.0,0.0,4.6875,0.0,0.0,13.75,0.0,9.615384615384617,1.6666666666666667,9.00943396226415,2.7777777777777777,0.0,6.959183673469388,0.0,0.0,0.0,2.7777777777777777,0.9259259259259259,0.0,1.1111111111111112,0.0,0.0,0.0,4.838709677419355,2.150537634408602,0.0,24.193548387096772,0.0,0.0,0.0,3.741496598639457,1.7857142857142856,0.0,0.2976190476190476,0.0,0.0,0.0
2015-07-01,3.5353535353535346,0.909090909090909,0.0,5.303030303030303,0.0,0.0,0.0,4.054054054054054,1.8518518518518519,0.0,11.908983451536644,0.0,5.0,4.166666666666667,11.796567299006323,5.555555555555555,0.0,6.403508771929825,0.0,0.0,0.0,3.488372093023256,0.7751937984496124,0.0,2.7906976744186043,0.0,0.0,0.0,6.756756756756757,1.8018018018018018,0.0,6.756756756756757,0.0,0.0,0.0,3.4391534391534395,1.3888888888888888,0.0,0.23148148148148145,0.0,0.0,0.0
2015-08-01,6.4102564102564115,1.2307692307692308,0.0,6.187290969899666,0.0,0.0,0.0,6.8965517241379315,2.7906976744186047,0.0,17.207207207207208,0.0,0.0,5.0,16.12682379349046,5.555555555555555,0.0,6.641975308641977,0.0,0.0,1.282051282051282,4.861111111111112,0.9259259259259259,0.0,16.666666666666664,0.0,0.0,0.0,11.76470588235294,10.294117647058824,0.0,3.3088235294117645,0.0,0.0,0.0,5.279503105590061,1.6304347826086956,0.0,0.5434782608695652,0.0,0.0,1.5527950310559007
2015-09-01,2.5157232704402515,0.7547169811320755,0.0,6.338960609069844,0.0,0.4716981132075472,0.0,3.6231884057971016,2.8571428571428568,0.0,23.472222222222225,0.0,0.0,4.166666666666667,8.186462324393357,2.7777777777777777,0.0,7.037735849056604,0.0,0.0,1.9230769230769231,3.3333333333333335,1.111111111111111,0.0,4.666666666666666,0.0,0.0,0.0,13.157894736842104,4.385964912280701,0.0,5.921052631578947,0.0,0.0,0.0,5.04201680672269,4.411764705882352,0.0,0.7352941176470588,0.0,0.0,0.0
2015-10-01,1.0,0.8,0.0,6.703703703703703,0.0,0.0,0.9259259259259259,0.0,0.0,0.0,19.642857142857142,0.0,0.0,4.761904761904762,3.3333333333333335,8.49673202614379,0.0,10.5,0.0,0.0,7.6923076923076925,1.1363636363636365,0.0,0.0,1.8181818181818183,0.0,0.0,0.0,7.142857142857142,1.5873015873015872,0.0,7.142857142857142,0.0,0.0,0.0,3.5714285714285716,3.125,0.0,0.78125,0.0,0.0,0.0
2015-11-01,1.1111111111111112,0.4444444444444445,0.0,7.5,0.0,0.0,1.8353174603174605,0.0,0.0,0.0,16.07142857142857,0.0,0.0,9.523809523809524,0.0,0.0,0.0,13.857142857142858,0.0,0.0,8.974358974358974,1.1904761904761905,0.0,0.0,1.9047619047619047,0.0,0.0,0.0,5.357142857142857,2.380952380952381,0.0,14.285714285714285,0.0,0.0,1.7857142857142856,2.3809523809523805,4.166666666666666,0.0,1.0416666666666665,0.0,0.0,0.0
2015-12-01,0.606060606060606,0.3636363636363636,0.0,7.719298245614034,0.0,0.0,2.395411605937922,0.0,0.0,0.0,20.675675675675677,0.0,0.0,9.230769230769232,0.0,5.555555555555555,0.0,14.857142857142858,0.0,0.0,21.794871794871792,0.0,0.0,0.0,2.2222222222222223,0.0,0.0,3.7037037037037037,2.5,3.3333333333333335,0.0,25.0,0.0,0.0,5.0,2.857142857142857,5.0,0.0,1.25,0.0,0.0,5.714285714285714
2016-01-01,2.2875816993464055,0.784313725490196,0.0,9.15032679738562,0.0,0.0,86.43790849673202,3.3333333333333335,3.333333333333333,0.0,39.80952380952381,0.0,0.0,360.84656084656086,4.444444444444445,10.54131054131054,0.0,12.666666666666664,0.0,0.0,394.87179487179486,1.0869565217391304,1.4492753623188406,0.0,2.608695652173913,0.0,0.0,142.02898550724638,3.409090909090909,3.0303030303030307,0.0,15.90909090909091,0.0,0.0,103.4090909090909,2.857142857142857,5.0,0.0,1.25,0.0,0.0,48.57142857142857
2016-02-01,2.380952380952381,0.8163265306122449,0.0,8.303321328531412,0.0,0.0,174.4663082624354,0.0,4.2105263157894735,0.0,18.560606060606062,0.0,0.0,367.42424242424244,6.666666666666666,5.555555555555555,0.0,12.11111111111111,0.0,0.0,451.2820512820513,0.8333333333333333,0.0,1.1111111111111112,2.0,0.0,0.0,133.33333333333334,4.310344827586206,2.2988505747126435,0.0,9.482758620689657,0.0,0.0,118.10344827586206,2.0408163265306123,3.571428571428571,0.0,0.8928571428571428,0.0,0.0,67.3469387755102
2016-03-01,0.7092198581560284,0.425531914893617,0.0,8.39982269503546,0.0,0.0,29.829545454545453,0.0,0.0,0.0,16.868279569892476,0.0,0.0,75.18939393939394,2.5,5.555555555555555,0.0,15.84,0.0,0.0,193.4871794871795,0.9615384615384616,0.0,0.0,1.5384615384615385,0.0,0.0,26.923076923076923,3.125,2.0833333333333335,0.0,12.5,0.0,0.0,54.6875,1.7857142857142858,3.125,0.0,0.78125,0.0,0.0,28.571428571428573
2016-04-01,1.0416666666666667,0.41666666666666663,0.0,7.04656862745098,0.0,0.0,19.011082693947145,2.469135802469135,0.0,0.0,15.31986531986532,0.0,0.0,58.796296296296305,5.666666666666667,9.375,0.0,10.89655172413793,0.0,0.0,113.46153846153847,1.7241379310344827,0.0,0.0,1.379310344827586,0.0,0.0,14.942528735632182,4.411764705882353,1.9607843137254901,0.0,10.294117647058822,0.0,0.0,23.52941176470588,1.4285714285714286,2.5,0.0,0.625,0.0,0.0,12.857142857142858
2016-05-01,3.459119496855346,0.37735849056603776,0.0,5.39556438265475,0.0,0.0,25.893412777226086,3.0864197530864197,0.0,0.0,12.645502645502646,0.0,0.0,62.5,7.280423280423281,3.7037037037037033,0.0,6.857142857142857,0.0,0.0,102.53065774804904,1.7857142857142856,0.0,0.0,1.4285714285714284,0.0,0.0,17.857142857142858,5.0,1.3333333333333333,0.0,9.0,0.0,0.0,37.0,3.5714285714285716,1.25,0.0,0.3125,0.0,0.0,7.142857142857143
2016-06-01,5.797101449275363,0.2898550724637681,0.0,4.227053140096618,0.0,0.0,18.402777777777775,2.9166666666666665,0.0,0.0,6.846153846153847,0.0,0.0,35.822021116138764,11.212121212121213,2.7777777777777777,0.0,4.254901960784314,0.0,0.0,73.07692307692308,2.083333333333333,0.0,0.0,1.1111111111111112,0.0,0.0,14.814814814814817,7.222222222222222,0.7407407407407408,0.0,15.555555555555555,0.0,0.0,22.22222222222222,2.787456445993031,0.6097560975609756,0.0,0.1524390243902439,0.0,0.0,3.1358885017421607
2016-07-01,5.63063063063063,0.27027027027027023,0.0,4.591129591129591,0.0,0.0,17.78932778932779,5.128205128205129,0.0,0.0,9.743589743589745,0.0,0.0,50.07541478129713,19.72118185601332,1.8518518518518516,0.0,4.308943089430895,0.0,0.0,83.84615384615384,2.976190476190476,0.7936507936507936,0.0,0.9523809523809523,0.0,0.0,19.841269841269845,6.111111111111111,0.7407407407407408,0.0,3.3333333333333335,0.0,0.0,17.77777777777778,3.616636528028933,0.6329113924050633,0.0,0.15822784810126583,0.0,0.0,2.3508137432188065
2016-08-01,4.0476190476190474,0.2857142857142857,0.0,5.476190476190475,0.0,0.35714285714285715,32.86435786435786,4.545454545454545,0.0,0.0,19.84478935698448,0.0,0.0,87.22943722943722,8.427350427350426,1.8518518518518516,0.0,4.923076923076923,0.0,0.0,91.45299145299145,3.787878787878788,0.0,0.0,1.8181818181818183,0.0,0.0,25.25252525252525,6.976744186046512,0.7936507936507936,0.0,2.9761904761904763,0.0,0.0,14.216500553709857,3.401360544217687,0.5952380952380952,0.0,0.2976190476190476,0.0,0.0,4.081632653061225
2016-09-01,2.2831050228310503,0.547945205479452,0.0,4.390586582367404,0.0,0.0,17.26998491704374,2.380952380952381,0.0,0.0,8.964646464646464,0.0,0.0,43.333333333333336,5.508220415537489,1.8518518518518516,0.0,3.413333333333333,0.0,0.0,52.56410256410257,2.2058823529411766,0.9803921568627451,0.0,1.7647058823529413,0.0,0.0,13.725490196078432,6.03448275862069,1.1494252873563218,0.0,4.310344827586206,0.0,0.0,10.344827586206897,2.484472049689441,1.0869565217391304,0.0,0.2717391304347826,0.0,0.0,4.3478260869565215
2016-10-01,1.1695906432748537,0.3508771929824561,0.0,5.672514619883041,2.5,0.0,12.654320987654321,0.0,0.0,0.0,13.973063973063972,0.0,0.0,47.68518518518518,2.8235294117647056,3.7037037037037033,0.0,7.0724637681159415,0.0,0.0,61.53846153846154,1.9230769230769231,0.0,0.0,1.5384615384615385,0.0,0.0,7.6923076923076925,5.681818181818182,1.5151515151515154,0.0,5.681818181818182,0.0,0.0,7.954545454545455,1.5873015873015872,2.7777777777777777,0.0,0.6944444444444444,0.0,0.0,6.349206349206349
2016-11-01,1.0204081632653061,0.40816326530612246,0.0,5.322128851540616,0.0,0.0,13.171355498721228,0.0,0.0,0.0,9.658119658119658,0.0,0.0,28.333333333333332,0.0,5.555555555555555,0.0,8.166666666666666,0.0,0.0,85.70019723865877,1.0416666666666665,0.0,0.0,0.8333333333333333,0.0,0.0,5.5555555555555545,2.083333333333333,2.7777777777777772,0.0,10.416666666666666,0.0,0.0,10.416666666666664,2.857142857142857,5.0,0.0,1.25,0.0,0.0,11.428571428571429
2016-12-01,0.3875968992248062,0.0,0.0,5.65891472868217,0.0,0.0,13.888888888888891,0.0,0.0,0.0,7.1428571428571415,0.0,0.0,34.3915343915344,0.0,5.555555555555555,0.0,6.0,0.0,0.0,61.53846153846154,0.0,0.0,0.0,0.9523809523809523,0.0,0.0,6.349206349206349,2.5,0.0,0.0,19.444444444444443,0.0,0.0,10.833333333333332,0.0,0.0,0.0,1.5625,0.0,0.0,10.714285714285714
2017-01-01,0.326797385620915,0.392156862745098,0.0,5.065359477124183,0.0,0.0,12.268518518518519,0.0,0.0,0.0,11.447811447811446,0.0,0.0,32.4915824915825,0.0,3.7037037037037033,0.0,8.202898550724637,0.0,0.0,54.05128205128204,0.0,0.0,0.0,1.0526315789473684,0.0,0.0,7.017543859649122,2.7777777777777777,3.7037037037037037,0.0,22.22222222222222,0.0,0.0,11.11111111111111,0.0,5.0,0.0,1.25,0.0,0.0,8.571428571428571
2017-02-01,0.3333333333333333,0.4,0.0,4.777777777777778,0.0,0.0,10.104669887278584,0.0,0.0,0.0,16.11111111111111,0.0,0.0,23.333333333333332,0.0,0.0,0.0,21.894736842105264,0.0,0.0,153.84615384615384,0.0,0.0,0.0,0.9090909090909092,0.0,0.0,4.545454545454546,2.5,0.0,0.0,17.5,0.0,0.0,10.0,2.3809523809523805,4.166666666666666,0.0,5.208333333333333,0.0,0.0,4.761904761904761
2017-03-01,0.6944444444444443,0.41666666666666663,0.0,7.04656862745098,0.0,0.0,9.670231729055258,0.0,2.7777777777777777,0.0,14.784946236559142,0.0,0.0,22.72727272727273,0.0,5.555555555555555,0.0,9.68,0.0,0.0,61.53846153846154,1.0869565217391304,0.0,0.0,0.8695652173913043,0.0,0.0,4.3478260869565215,1.7857142857142856,0.0,0.0,12.5,0.0,0.0,7.142857142857142,2.0408163265306123,3.571428571428571,0.0,0.8928571428571428,0.0,0.0,6.122448979591836
2017-04-01,1.7730496453900708,0.425531914893617,0.0,5.423445974134335,0.0,0.0,7.932263814616756,0.0,0.0,0.0,16.330645161290324,0.0,0.0,20.643939393939394,5.925925925925926,0.0,0.0,10.769230769230768,0.0,0.0,61.53846153846154,0.8620689655172413,0.0,0.0,0.689655172413793,0.0,0.0,3.4482758620689657,2.631578947368421,0.0,0.0,9.210526315789473,0.0,0.0,5.263157894736842,1.4285714285714286,2.5,0.0,0.625,0.0,0.0,4.285714285714286
2017-05-01,2.298850574712644,0.3448275862068966,0.0,4.392446633825944,0.0,0.0,7.231040564373896,0.0,0.0,0.0,8.055555555555555,0.0,0.0,21.25,4.410256410256411,5.82010582010582,0.0,5.333333333333332,0.0,0.0,38.97435897435897,1.7857142857142856,0.0,0.0,1.4285714285714284,0.0,0.0,3.571428571428571,4.0,1.3333333333333333,0.0,7.0,0.0,0.0,4.0,1.948051948051948,1.1363636363636365,0.0,0.2840909090909091,0.0,0.0,1.298701298701299
2017-06-01,3.3333333333333335,0.30769230769230765,0.0,4.693422519509476,0.0,0.0,7.125603864734299,4.0,0.0,0.0,14.24731182795699,0.0,0.0,18.560606060606062,10.406681190994915,2.7777777777777777,0.0,5.36,0.0,0.0,26.282051282051285,2.840909090909091,0.7575757575757577,0.0,0.9090909090909092,0.0,0.0,2.272727272727273,5.405405405405405,0.9009009009009007,0.0,16.89189189189189,0.0,0.0,2.7027027027027026,2.0408163265306123,0.5952380952380952,0.0,0.1488095238095238,0.0,0.0,1.0204081632653061
2017-07-01,3.571428571428571,0.2857142857142857,0.0,5.9523809523809526,0.0,0.0,6.525252525252526,4.444444444444445,0.0,0.0,20.87719298245614,0.0,0.0,16.794871794871796,9.49680170575693,0.0,0.0,4.296774193548387,0.0,0.0,23.956043956043956,2.840909090909091,0.7575757575757577,0.0,2.272727272727273,0.0,0.0,3.03030303030303,6.097560975609756,0.8130081300813008,0.0,4.268292682926829,0.0,0.0,3.048780487804878,2.3255813953488373,0.5813953488372093,0.0,0.29069767441860467,0.0,0.0,0.6644518272425249
2017-08-01,5.633802816901408,0.28169014084507044,0.0,11.5962441314554,0.0,0.35211267605633806,6.525252525252526,3.888888888888888,0.0,0.0,36.228070175438596,0.0,3.0,15.12820512820513,12.633053221288513,3.5294117647058822,0.0,7.509677419354839,5.88235294117647,0.0,21.75824175824176,3.3333333333333335,1.111111111111111,0.0,2.0,0.0,0.0,4.444444444444444,6.875000000000001,0.8333333333333334,0.0,3.75,0.0,0.0,2.5,3.2467532467532467,1.7045454545454544,0.0,0.4261363636363636,0.0,0.0,0.974025974025974
2017-09-01,4.444444444444444,1.0,0.0,6.746031746031744,0.0,0.0,6.349206349206348,3.7878787878787876,4.848484848484848,0.0,23.21428571428571,0.0,0.0,18.571428571428573,10.745694022289767,7.4074074074074066,0.0,9.953488372093023,0.0,0.0,33.33333333333333,3.409090909090909,34.34343434343434,0.0,1.5151515151515151,0.0,0.0,2.5252525252525255,7.142857142857142,1.1904761904761905,0.0,3.571428571428571,0.0,0.0,3.571428571428571,3.061224489795918,1.7857142857142856,0.0,0.4464285714285714,0.0,0.0,1.0204081632653061
2017-10-01,2.1604938271604937,0.3703703703703704,0.0,7.16374269005848,0.0,0.0,7.052631578947367,0.0,0.0,0.0,16.330645161290324,0.0,0.0,17.045454545454543,3.888888888888889,3.7037037037037033,0.0,8.619819819819819,0.0,0.0,43.589743589743584,1.6129032258064515,7.526881720430107,0.0,0.6451612903225806,0.0,0.0,3.2258064516129026,4.545454545454546,1.5151515151515154,0.0,5.681818181818182,0.0,0.0,4.545454545454546,2.597402597402598,2.272727272727273,0.0,0.5681818181818182,0.0,0.0,1.298701298701299
2017-11-01,1.0638297872340425,0.425531914893617,0.0,7.00354609929078,0.0,0.0,8.238636363636365,0.0,0.0,0.0,22.222222222222225,0.0,0.0,20.13888888888889,3.8095238095238093,5.555555555555555,0.0,31.42857142857143,0.0,0.0,65.38461538461539,1.0869565217391304,1.4492753623188406,0.0,1.7391304347826086,0.0,0.0,2.898550724637681,3.846153846153846,2.5641025641025643,0.0,13.461538461538463,0.0,0.0,7.692307692307693,2.857142857142857,0.0,0.0,1.25,0.0,0.0,2.857142857142857
2017-12-01,0.7575757575757577,0.4545454545454546,0.0,6.8181818181818175,0.0,0.0,9.424603174603176,0.0,0.0,0.0,27.38095238095238,0.0,0.0,31.746031746031743,0.0,5.555555555555555,0.0,15.454545454545455,0.0,0.0,56.410256410256416,0.0,1.5873015873015872,0.0,0.9523809523809523,0.0,0.0,4.761904761904762,2.5,0.0,0.0,17.5,0.0,0.0,10.0,0.0,0.0,0.0,1.5625,0.0,0.0,3.5714285714285716
2018-01-01,0.36231884057971014,0.43478260869565216,0.0,7.065217391304348,0.0,0.0,10.037878787878787,0.0,3.5714285714285716,0.0,27.777777777777775,0.0,0.0,27.777777777777782,0.0,0.0,0.0,21.052631578947366,0.0,4.329004329004328,115.38461538461539,0.0,1.7543859649122806,0.0,1.0526315789473684,0.0,0.0,5.263157894736842,0.0,0.0,0.0,22.22222222222222,0.0,0.0,11.11111111111111,0.0,5.0,0.0,1.25,0.0,0.0,8.571428571428571
2018-02-01,0.7575757575757577,0.4545454545454546,0.0,6.8181818181818175,0.0,0.0,9.424603174603176,0.0,0.0,0.0,26.81159420289855,0.0,0.0,25.0,0.0,0.0,0.0,9.818181818181818,0.0,0.0,62.82051282051282,0.0,0.0,0.0,0.9090909090909092,0.0,0.0,4.545454545454546,2.7777777777777777,0.0,0.0,19.444444444444443,0.0,0.0,8.333333333333332,0.0,0.0,0.0,1.25,0.0,0.0,2.857142857142857
2018-03-01,0.7246376811594203,0.43478260869565216,0.0,6.0235507246376825,0.0,0.0,9.424603174603176,0.0,0.0,0.0,24.305555555555557,0.0,0.0,27.777777777777782,3.3333333333333335,4.3478260869565215,0.0,9.619047619047619,0.0,0.0,65.38461538461539,0.0,0.0,0.0,0.8695652173913043,0.0,0.0,2.898550724637681,2.272727272727273,0.0,0.0,13.636363636363637,0.0,0.0,6.818181818181818,2.3809523809523805,4.166666666666666,0.0,2.083333333333333,0.0,0.0,2.3809523809523805
2018-04-01,1.5723270440251573,0.37735849056603776,0.0,5.710029791459782,0.0,0.0,7.052631578947367,0.0,0.0,0.0,17.083333333333332,0.0,0.0,13.75,5.743589743589744,3.7037037037037033,0.0,9.230769230769232,0.0,0.0,30.76923076923077,0.9259259259259258,1.2345679012345678,0.0,2.2222222222222223,0.0,0.0,2.4691358024691357,2.941176470588235,0.0,0.0,8.823529411764705,0.0,0.0,4.411764705882352,5.41871921182266,1.7241379310344827,0.0,0.646551724137931,0.0,0.0,0.9852216748768472
2018-05-01,3.125,0.3125,0.0,3.7364130434782603,0.0,0.0,5.120772946859904,3.0864197530864197,0.0,0.0,16.122004357298476,0.0,0.0,13.425925925925926,8.19954648526077,3.7037037037037033,1.0989010989010988,7.111111111111111,0.0,0.0,30.76923076923077,2.142857142857143,0.0,0.0,1.1428571428571428,0.0,0.0,2.857142857142857,5.76923076923077,0.0,0.0,6.730769230769233,0.0,0.0,3.8461538461538463,6.0889929742388755,0.819672131147541,0.0,0.3073770491803279,0.0,0.0,0.468384074941452
2018-06-01,3.763440860215054,0.3225806451612903,0.0,5.180840664711632,0.0,0.0,6.086729362591431,4.487179487179487,0.0,0.0,11.447811447811446,0.0,0.0,13.804713804713804,14.805704099821748,0.0,0.0,4.36,0.0,0.0,24.35897435897436,2.0408163265306123,0.6802721088435374,0.0,0.8163265306122449,0.0,0.0,2.0408163265306123,5.487804878048781,0.0,0.0,13.414634146341463,0.0,0.0,2.4390243902439024,3.411513859275053,0.3731343283582089,0.0,0.1865671641791045,0.0,0.0,0.4264392324093817
2018-07-01,3.5087719298245617,0.2631578947368421,0.0,3.1676413255360623,0.0,0.0,4.938271604938271,4.93827160493827,0.0,0.0,15.449735449735451,0.0,0.0,13.425925925925926,12.84188034188034,2.2222222222222223,0.0,3.4555555555555553,0.0,0.0,19.316239316239315,2.6785714285714284,0.5952380952380952,0.0,1.0714285714285714,0.0,0.0,1.7857142857142856,5.288461538461539,0.6410256410256411,0.0,3.3653846153846154,0.0,0.0,1.9230769230769231,2.43161094224924,0.2659574468085106,0.0,0.13297872340425532,0.0,0.0,0.303951367781155
2018-08-01,3.535353535353536,0.30303030303030304,0.0,5.171277997364953,5.105401844532279,6.818181818181818,5.7737260402057045,3.6458333333333335,0.0,0.0,14.507575757575756,4.545454545454546,120.57150595882992,13.852813852813853,12.658730158730156,0.0,0.0,3.8153846153846156,0.0,5.8441558441558445,18.846153846153847,2.941176470588235,0.49019607843137253,0.7352941176470588,0.8823529411764707,0.0,0.0,1.4705882352941175,5.092592592592593,0.617283950617284,0.0,3.2407407407407405,0.0,0.0,1.8518518518518519,3.4693877551020407,0.7142857142857143,0.0,0.17857142857142858,0.0,0.0,0.40816326530612246
2018-09-01,2.1739130434782608,0.2898550724637681,0.0,4.4685990338164245,4.166666666666666,8.333333333333334,5.555555555555556,2.9411764705882355,1.6,0.0,12.614517265680055,0.0,34.82142857142857,10.505050505050505,8.416149068322982,2.2222222222222223,0.0,3.15,0.0,1.4492753623188404,18.846153846153847,2.4193548387096775,0.5376344086021505,0.26881720430107525,0.6451612903225806,0.0,0.0,1.6129032258064513,6.25,0.0,0.0,3.488372093023256,0.0,0.0,1.7309725158562368,3.6866359447004604,0.8064516129032258,0.0,0.4032258064516129,0.0,0.0,0.46082949308755755
2018-10-01,0.9615384615384616,0.38461538461538464,0.0,5.431848852901484,0.0,4.807692307692308,7.929824561403509,4.3478260869565215,0.0,0.0,15.0,0.0,26.31578947368421,15.416666666666666,13.352415026833633,3.7037037037037033,0.0,7.692307692307692,0.0,4.016913319238901,40.15779092702169,1.7857142857142856,0.0,0.0,1.4285714285714284,0.0,0.0,1.1904761904761905,7.6923076923076925,0.0,0.0,22.115384615384617,0.0,0.0,3.8461538461538463,3.061224489795918,1.7857142857142856,0.0,0.8928571428571428,0.0,1.7857142857142856,1.0204081632653061
2018-11-01,0.6410256410256411,0.38461538461538464,0.0,5.947293447293447,0.0,1.4423076923076923,7.407407407407407,4.385964912280701,0.0,0.0,21.88888888888889,0.0,7.8125,19.444444444444446,2.222222222222222,8.422939068100359,0.0,10.428571428571429,0.0,0.0,48.71794871794872,0.9615384615384616,0.0,0.0,0.7692307692307693,0.0,0.0,2.5641025641025643,3.846153846153846,0.0,0.0,23.07692307692308,0.0,0.0,5.769230769230769,2.0408163265306123,0.0,0.0,0.8928571428571428,0.0,0.0,2.0408163265306123
2018-12-01,0.36231884057971014,0.43478260869565216,0.0,6.702898550724638,0.0,0.5434782608695652,8.238636363636365,0.0,0.0,0.0,17.36111111111111,0.0,0.0,18.055555555555557,0.0,4.166666666666667,0.0,8.90909090909091,0.0,0.0,51.282051282051285,0.0,0.0,0.0,0.8695652173913043,0.0,0.0,2.898550724637681,2.5,3.3333333333333335,0.0,15.0,0.0,0.0,7.5,0.0,0.0,0.0,1.25,0.0,0.0,2.857142857142857
2019-01-01,0.3703703703703704,0.4444444444444445,0.0,7.5,0.0,1.1111111111111112,9.424603174603176,0.0,0.0,0.0,38.333333333333336,0.0,0.0,38.57142857142858,0.0,0.0,0.0,16.727272727272727,0.0,0.0,57.69230769230769,0.0,0.0,0.0,2.0,0.0,0.0,3.3333333333333335,2.5,0.0,0.0,20.0,0.0,0.0,7.5,2.3809523809523805,0.0,0.0,1.0416666666666665,0.0,0.0,2.3809523809523805
2019-02-01,0.7092198581560284,0.425531914893617,0.0,6.403838130997079,0.0,0.5319148936170213,7.932263814616756,0.0,0.0,0.0,36.82539682539683,0.0,0.0,32.857142857142854,5.555555555555556,11.11111111111111,0.0,25.263157894736842,0.0,0.0,100.0,0.0,0.0,0.0,0.8695652173913043,0.0,0.0,1.4492753623188406,2.272727272727273,0.0,0.0,13.636363636363637,0.0,0.0,6.818181818181818,2.0408163265306123,0.0,0.0,1.7857142857142856,0.0,0.0,2.0408163265306123
2019-03-01,1.149425287356322,0.3448275862068966,0.0,5.473453749315818,0.0,0.8620689655172414,6.437389770723104,0.0,0.0,0.0,34.03508771929825,0.0,4.166666666666666,27.14285714285714,1.6666666666666667,5.555555555555555,0.0,9.652173913043477,0.0,0.0,43.589743589743584,1.1363636363636365,0.0,0.0,0.9090909090909092,0.0,0.0,1.5151515151515154,1.7857142857142856,0.0,0.0,10.714285714285714,0.0,0.0,5.357142857142857,1.5873015873015872,2.7777777777777777,0.0,1.3888888888888888,0.0,0.0,1.5873015873015872
2019-04-01,0.9259259259259259,0.3703703703703704,0.0,6.2865497076023376,0.0,0.925925925925926,5.431848852901484,0.0,0.0,0.0,24.928160919540232,0.0,0.0,15.416666666666666,3.7037037037037037,9.139784946236558,0.0,13.448275862068964,0.0,0.0,44.871794871794876,1.0416666666666665,0.0,0.0,0.8333333333333333,0.0,0.0,1.3888888888888886,3.3333333333333335,0.0,0.0,11.666666666666668,0.0,0.0,5.0,3.9682539682539684,1.3888888888888888,0.0,1.0416666666666665,0.0,0.0,0.7936507936507936
2019-05-01,2.20125786163522,0.37735849056603776,0.0,5.710029791459782,0.0,0.9433962264150944,5.508771929824562,2.380952380952381,0.0,0.0,20.54673721340388,0.0,0.0,11.375661375661375,16.551724137931032,2.6819923371647514,0.0,14.521072796934867,0.0,0.0,34.61538461538461,0.9259259259259258,0.0,0.0,1.4814814814814814,0.0,0.0,2.4691358024691357,4.545454545454546,0.0,0.0,9.090909090909092,0.0,0.0,3.409090909090909,3.4285714285714284,1.0,0.0,0.5,0.0,0.0,0.5714285714285714
2019-06-01,5.349794238683128,0.7407407407407408,0.0,3.739179792819639,0.0,0.6172839506172839,4.627949183303085,8.974358974358974,1.4035087719298245,0.0,11.773940345368915,0.0,10.15625,11.613876319758672,23.71062271062271,2.7777777777777777,0.9467455621301776,5.466666666666666,0.0,0.0,18.406593406593405,2.083333333333333,0.6944444444444443,0.0,1.6666666666666665,0.0,0.0,1.3888888888888886,7.97872340425532,4.964539007092198,0.0,13.829787234042552,0.0,0.0,2.127659574468085,2.521008403361345,0.3676470588235294,0.0,0.2757352941176471,0.0,0.0,0.21008403361344535
2019-07-01,4.72636815920398,0.29850746268656714,0.0,5.462271973466003,0.0,0.7462686567164178,5.555555555555556,6.862745098039215,1.6,0.0,16.807610993657505,9.090909090909092,3.571428571428571,18.78787878787879,30.604040404040408,1.5873015873015872,0.0,5.956521739130435,0.0,0.0,13.586413586413585,2.403846153846154,0.6410256410256411,0.0,3.076923076923077,0.0,0.0,1.9230769230769231,6.382978723404255,0.7092198581560284,0.0,4.787234042553191,0.0,0.0,2.127659574468085,3.2380952380952377,0.6666666666666667,0.0,0.33333333333333337,0.0,0.0,0.19047619047619052
2019-08-01,3.980099502487562,0.29850746268656714,0.0,7.151741293532338,2.083333333333333,1.1194029850746268,5.622759856630824,5.172413793103448,2.7906976744186047,0.0,23.243243243243242,0.0,7.291666666666667,18.076923076923077,19.07894736842105,2.2222222222222223,0.0,9.428571428571429,0.0,3.947368421052632,16.923076923076923,2.906976744186046,0.7751937984496124,0.0,9.30232558139535,0.0,0.0,2.3255813953488373,5.555555555555555,0.7407407407407408,0.0,5.0,0.0,0.0,1.6666666666666667,3.4562211981566824,0.8064516129032258,0.0,0.4032258064516129,0.0,0.0,0.46082949308755755
2019-09-01,2.777777777777778,0.33333333333333337,0.0,6.746031746031744,2.380952380952381,4.583333333333333,6.349206349206348,3.6231884057971016,0.0,0.0,21.120689655172413,0.0,3.9473684210526314,21.25,17.079365079365076,2.2222222222222223,0.0,7.6,0.0,1.038961038961039,15.384615384615385,1.9230769230769231,0.8547008547008547,0.0,4.102564102564102,0.0,0.0,2.564102564102564,6.081081081081082,0.0,0.0,6.756756756756757,0.0,0.0,2.7027027027027026,3.8461538461538463,0.9615384615384616,0.0,0.9615384615384615,0.0,0.0,0.5494505494505495
2019-10-01,2.8301886792452833,0.37735849056603776,0.0,7.216153591525985,0.0,7.075471698113209,8.596491228070176,4.385964912280701,3.5714285714285716,0.0,25.0,0.0,6.666666666666667,22.916666666666668,16.42295597484277,2.7777777777777777,0.0,6.877551020408164,0.0,0.0,21.794871794871792,0.7352941176470588,0.0,0.0,2.941176470588235,0.0,0.0,1.9607843137254901,6.730769230769231,1.2820512820512822,0.0,7.692307692307693,0.0,0.0,2.8846153846153846,3.061224489795918,1.7857142857142856,0.0,0.8928571428571428,0.0,0.0,3.061224489795918
2019-11-01,1.3605442176870748,0.40816326530612246,0.0,9.283713485394157,0.0,1.5306122448979593,6.095481670929241,0.0,0.0,0.0,36.61616161616161,0.0,5.357142857142857,25.0,10.277777777777777,5.555555555555555,0.0,15.384615384615385,0.0,0.0,34.61538461538461,0.0,0.0,0.0,2.608695652173913,0.0,0.0,2.898550724637681,1.9230769230769231,0.0,0.0,26.923076923076927,0.0,0.0,5.769230769230769,2.0408163265306123,3.571428571428571,0.0,1.7857142857142856,0.0,0.0,2.0408163265306123
2019-12-01,0.6944444444444443,0.41666666666666663,0.0,6.352124183006535,0.0,0.5208333333333333,6.194295900178253,0.0,0.0,0.0,28.472222222222225,0.0,0.0,18.055555555555557,2.222222222222222,0.0,0.0,13.68,0.0,0.0,39.74358974358974,0.0,0.0,0.0,1.8181818181818183,0.0,0.0,1.5151515151515154,2.5,0.0,0.0,15.90909090909091,0.0,0.0,4.545454545454546,2.3809523809523805,4.166666666666666,0.0,2.083333333333333,0.0,0.0,2.3809523809523805
2020-01-01,0.606060606060606,0.3636363636363636,0.0,7.113237639553429,0.0,1.3636363636363633,8.468286099865049,0.0,0.0,0.0,31.250000000000004,0.0,0.0,32.638888888888886,3.0303030303030303,7.4074074074074066,0.0,13.272727272727273,0.0,0.0,46.15384615384615,0.0,0.0,0.0,2.608695652173913,0.0,0.0,4.3478260869565215,2.272727272727273,3.0303030303030307,0.0,22.727272727272727,0.0,0.0,6.818181818181818,2.0408163265306123,3.571428571428571,0.0,2.678571428571428,0.0,0.0,2.0408163265306123
2020-02-01,1.0638297872340425,0.425531914893617,0.0,6.403838130997079,0.0,1.5957446808510638,6.951871657754011,0.0,5.517241379310343,0.0,32.03703703703704,0.0,4.166666666666666,34.44444444444444,4.722222222222222,8.547008547008547,0.0,13.666666666666664,0.0,3.1468531468531467,48.71794871794872,0.0,0.0,0.0,3.0769230769230766,0.0,0.0,3.8461538461538463,1.9230769230769231,2.5641025641025643,0.0,21.153846153846153,0.0,0.0,7.692307692307693,2.0408163265306123,3.571428571428571,0.0,2.678571428571428,0.0,0.0,2.0408163265306123
2020-03-01,1.25,0.5,0.0,8.869047619047619,0.0,2.5,8.270676691729323,0.0,0.0,0.0,30.526315789473685,0.0,8.333333333333332,29.523809523809522,3.3333333333333335,14.0,0.0,16.695652173913043,0.0,2.1818181818181817,41.02564102564103,1.0416666666666665,0.0,0.0,5.833333333333333,0.0,0.0,4.166666666666666,1.9230769230769231,2.5641025641025643,0.0,30.769230769230774,0.0,0.0,7.692307692307693,1.7857142857142858,6.25,0.0,3.90625,0.0,0.0,1.7857142857142858
2020-04-01,1.633986928104575,0.392156862745098,0.0,4.084967320261438,0.0,0.980392156862745,3.2407407407407405,0.0,0.0,0.0,15.972222222222221,0.0,0.0,12.5,7.241192411924119,5.329719963866305,0.0,5.052631578947368,0.0,0.0,11.282051282051281,0.8333333333333333,0.0,0.0,2.0,0.0,0.0,3.3333333333333335,3.125,2.0833333333333335,0.0,14.0625,0.0,0.0,4.6875,3.2467532467532467,1.1363636363636365,0.0,0.8522727272727273,0.0,0.0,0.6493506493506495
2020-05-01,1.9125683060109289,0.3278688524590164,0.0,2.3348236462990566,0.0,0.4098360655737705,2.0898641588296765,0.0,0.0,0.0,8.454106280193235,0.0,0.0,15.277777777777777,13.805555555555554,3.7037037037037033,0.0,5.2727272727272725,0.0,0.0,10.76923076923077,1.9736842105263157,0.0,0.0,1.0526315789473684,0.0,0.0,0.8771929824561403,4.861111111111112,0.9259259259259259,0.0,4.861111111111111,0.0,0.0,2.083333333333333,4.116222760290557,0.423728813559322,0.0,0.31779661016949157,0.0,0.0,0.24213075060532688
2020-06-01,3.381642512077294,0.2898550724637681,0.0,2.2995169082125604,0.0,2.5362318840579707,3.0101010101010104,6.0,3.7837837837837838,0.0,12.634408602150538,0.0,3.75,11.363636363636365,24.305555555555554,2.7777777777777777,0.0,2.56,0.0,0.0,6.41025641025641,1.744186046511628,0.0,0.0,0.4651162790697675,0.0,0.0,0.7751937984496124,6.8181818181818175,0.0,0.0,3.9772727272727275,0.0,0.0,1.7045454545454546,2.216748768472906,0.4310344827586207,0.0,0.21551724137931033,0.0,0.0,0.24630541871921183
2020-07-01,3.508771929824561,0.0,0.0,2.729044834307992,0.0,2.9605263157894735,1.6975308641975306,13.636363636363638,1.6666666666666665,0.0,9.719142645971916,0.0,2.7777777777777777,5.735930735930736,17.065527065527068,0.0,0.0,2.564102564102564,0.0,0.0,2.991452991452991,1.6304347826086956,0.0,0.0,0.43478260869565216,0.0,0.0,0.7246376811594203,5.357142857142857,0.0,0.0,3.571428571428571,0.0,0.0,0.5952380952380952,2.61569416498994,0.35211267605633806,0.0,0.17605633802816903,0.0,0.0,0.2012072434607646
2020-08-01,4.2105263157894735,0.21052631578947367,0.0,1.5067079463364292,0.0,0.7894736842105263,1.3507625272331154,7.1428571428571415,0.0,0.0,5.277777777777778,0.0,0.0,7.638888888888888,11.159371492704825,1.8518518518518516,0.0,1.6296296296296293,0.0,0.0,5.6410256410256405,2.7777777777777777,0.0,0.0,2.2222222222222223,0.0,0.0,0.9259259259259259,3.25,0.3333333333333333,0.16666666666666666,1.75,0.0,0.6666666666666666,0.25,3.061224489795918,0.35714285714285715,0.0,0.26785714285714285,0.0,0.0,0.20408163265306123
2020-09-01,2.450980392156863,0.0,0.0,1.184640522875817,0.0,8.088235294117647,1.2152777777777777,3.571428571428571,0.0,0.0,1.8518518518518519,0.0,3.260869565217391,3.7037037037037037,6.592827004219408,0.0,0.0,1.9287671232876713,0.0,0.0,3.076923076923077,1.3157894736842104,0.0,0.0,1.0526315789473684,0.0,0.0,0.8771929824561403,3.4722222222222223,0.0,0.0,4.166666666666666,0.0,0.0,0.6944444444444444,3.0303030303030303,0.7575757575757576,0.0,0.7575757575757575,0.0,0.0,0.4329004329004329
2020-10-01,0.8333333333333334,0.0,0.0,1.349206349206349,0.0,5.0,1.3888888888888886,0.0,0.0,0.0,2.380952380952381,0.0,14.0625,7.1428571428571415,5.0,0.0,0.0,3.7477477477477477,0.0,1.8181818181818181,6.41025641025641,0.6944444444444444,0.0,0.0,0.5555555555555556,0.0,0.0,0.9259259259259259,2.7777777777777777,0.0,0.0,6.944444444444444,0.0,0.0,1.3888888888888888,1.7857142857142858,0.0,0.0,1.5625,0.0,0.0,1.7857142857142858
2020-11-01,1.0869565217391304,0.0,0.0,1.766304347826087,0.0,0.5434782608695652,1.7992424242424245,0.0,0.0,0.0,16.666666666666664,0.0,0.0,15.277777777777777,2.0,0.0,0.0,5.066666666666666,0.0,0.0,7.6923076923076925,0.8928571428571428,0.0,0.0,0.7142857142857142,0.0,0.0,1.1904761904761905,2.083333333333333,0.0,0.0,8.333333333333332,0.0,0.0,2.083333333333333,2.0408163265306123,0.0,0.0,1.7857142857142856,0.0,0.0,0.0
2020-12-01,0.3703703703703704,0.0,0.0,3.1944444444444446,0.0,0.0,2.876984126984127,0.0,0.0,0.0,18.38235294117647,0.0,0.0,12.5,0.0,0.0,0.0,9.68421052631579,0.0,0.0,23.076923076923077,0.0,0.0,0.0,0.8,0.0,0.0,1.3333333333333333,0.0,0.0,0.0,11.11111111111111,0.0,0.0,2.7777777777777777,0.0,0.0,0.0,1.25,0.0,0.0,0.0
2021-01-01,0.37878787878787884,0.4545454545454546,0.0,1.7992424242424245,0.0,2.8409090909090913,2.876984126984127,0.0,0.0,0.0,13.968253968253968,0.0,51.206563706563706,18.095238095238095,0.0,0.0,0.0,10.31578947368421,0.0,9.090909090909092,23.076923076923077,0.0,0.0,0.0,0.9523809523809523,0.0,0.0,0.0,2.7777777777777777,0.0,0.0,11.11111111111111,0.0,0.0,2.7777777777777777,0.0,0.0,0.0,2.5,0.0,0.0,2.857142857142857
2021-02-01,0.36231884057971014,0.0,0.0,1.766304347826087,0.0,0.5434782608695652,1.8353174603174605,0.0,0.0,0.0,6.666666666666667,0.0,0.0,10.0,0.0,0.0,0.0,5.666666666666668,0.0,0.0,15.384615384615385,0.0,0.0,0.0,0.8,0.0,0.0,1.3333333333333333,2.272727272727273,0.0,0.0,11.363636363636363,0.0,0.0,2.272727272727273,2.857142857142857,0.0,0.0,1.25,0.0,0.0,0.0
2021-03-01,0.46296296296296297,0.2777777777777778,0.0,1.1296296296296295,0.0,0.6944444444444444,1.1568627450980393,0.0,3.8888888888888893,0.0,17.929292929292927,0.0,0.0,5.5555555555555545,0.0,0.0,0.0,2.0,0.0,0.0,15.384615384615385,1.0416666666666665,0.0,0.0,0.8333333333333333,0.0,0.0,0.0,1.9230769230769231,0.0,0.0,9.615384615384617,0.0,0.0,1.9230769230769231,2.0408163265306123,0.0,0.0,0.8928571428571428,0.0,0.0,0.0
2021-04-01,0.4975124378109453,0.0,0.0,1.1919568822553896,0.0,0.3731343283582089,1.232078853046595,0.0,0.0,0.0,6.854838709677419,0.0,0.0,6.25,13.888888888888888,0.0,0.0,5.333333333333332,0.0,0.0,7.6923076923076925,1.0869565217391304,0.0,0.0,0.8695652173913043,0.0,0.0,0.0,1.6666666666666667,0.0,0.0,10.0,0.0,0.0,1.6666666666666667,1.298701298701299,0.0,0.0,0.5681818181818182,0.0,0.0,0.0
2021-05-01,2.109704641350211,0.0,0.0,2.034358047016275,0.0,0.3164556962025317,1.6409266409266408,4.385964912280701,0.0,0.0,13.194444444444445,0.0,0.0,10.416666666666666,15.333333333333334,5.555555555555555,0.0,4.933333333333334,0.0,0.0,11.538461538461538,0.9259259259259258,0.0,0.0,0.7407407407407407,0.0,0.0,1.2345679012345678,3.260869565217391,0.0,0.0,5.434782608695652,0.0,0.0,1.0869565217391304,1.5873015873015872,0.0,0.0,0.6944444444444444,0.0,0.0,0.0
2021-06-01,10.227272727272727,0.2272727272727273,0.0,1.8328445747800586,0.0,0.2840909090909091,1.8882769472856016,6.4102564102564115,0.0,0.0,3.7037037037037037,0.0,0.0,5.5555555555555545,17.89177489177489,2.7777777777777777,0.0,2.0,0.0,0.0,6.043956043956044,2.027027027027027,0.0,0.0,0.5405405405405405,0.0,0.0,0.9009009009009007,3.6764705882352944,0.0,0.0,3.6764705882352944,0.0,0.9803921568627451,0.7352941176470588,1.6949152542372878,0.423728813559322,0.0,0.211864406779661,0.0,0.0,0.0
2021-07-01,6.790123456790123,0.24691358024691357,0.0,1.7667092379736058,0.0,1.5432098765432098,1.588021778584392,10.606060606060606,0.0,0.0,7.738095238095238,0.0,4.166666666666666,14.523809523809524,13.8023088023088,1.1784511784511784,0.0,2.3934426229508197,0.0,3.03030303030303,8.241758241758241,1.7045454545454544,0.0,0.0,0.9090909090909092,0.0,0.0,0.7575757575757577,3.6764705882352944,0.0,0.0,3.6764705882352944,0.0,0.0,0.7352941176470588,2.1645021645021645,0.3787878787878788,0.0,0.1893939393939394,0.0,0.0,0.21645021645021645
2021-08-01,6.751054852320674,0.2531645569620254,0.0,1.8233875828812538,0.0,1.2658227848101267,1.6409266409266408,9.523809523809524,0.0,0.0,5.608465608465608,0.0,0.0,3.7037037037037037,16.28787878787879,2.2222222222222223,0.0,2.1454545454545455,0.0,0.0,5.0,2.6785714285714284,0.0,0.0,1.4285714285714284,0.0,0.0,1.1904761904761905,4.487179487179487,0.0,0.0,3.846153846153846,0.0,0.0,0.641025641025641,2.455357142857143,0.390625,0.0,0.29296875,0.0,0.0,0.22321428571428573
2021-09-01,5.3921568627450975,0.2941176470588235,0.0,2.1241830065359477,0.0,2.573529411764706,3.125,6.521739130434782,0.0,0.0,4.166666666666667,0.0,5.263157894736842,7.916666666666667,9.484126984126984,0.0,0.0,3.2,0.0,0.0,5.0,1.4285714285714286,0.0,0.0,1.1428571428571428,0.0,0.0,0.9523809523809524,4.62962962962963,0.0,0.0,12.037037037037036,0.0,0.0,0.9259259259259258,2.100840336134454,0.7352941176470588,0.0,0.1838235294117647,0.0,0.0,0.0
2021-10-01,2.459016393442623,0.3278688524590164,0.0,2.3348236462990566,0.0,0.4098360655737705,2.0898641588296765,2.9411764705882355,0.0,0.0,8.585858585858587,0.0,0.0,15.277777777777777,7.794871794871796,0.0,0.0,3.487179487179487,0.0,0.0,11.282051282051281,0.6944444444444444,0.0,0.0,0.5555555555555556,0.0,0.0,0.9259259259259259,3.409090909090909,0.0,0.0,4.545454545454546,0.0,0.0,1.1363636363636365,2.0408163265306123,0.0,0.0,0.4464285714285714,0.0,0.0,0.0
2021-11-01,2.2435897435897436,0.38461538461538464,0.0,3.0364372469635623,0.0,0.9615384615384616,2.4210526315789473,0.0,0.0,0.0,13.666666666666666,0.0,0.0,10.185185185185185,4.333333333333333,0.0,0.0,5.161290322580645,0.0,0.0,11.538461538461538,0.9259259259259258,0.0,0.0,0.7407407407407407,0.0,0.0,1.2345679012345678,2.083333333333333,0.0,0.0,8.333333333333332,0.0,0.0,2.083333333333333,2.3809523809523805,0.0,0.0,1.0416666666666665,0.0,0.0,0.0
2021-12-01,0.5291005291005291,0.31746031746031744,0.0,2.3088023088023086,0.0,0.3968253968253968,2.0898641588296765,0.0,0.0,0.0,16.944444444444446,0.0,0.0,8.333333333333334,0.0,0.0,0.0,9.777777777777779,0.0,0.0,23.076923076923077,0.0,0.0,0.0,0.625,0.0,0.0,0.0,0.0,0.0,0.0,15.0,0.0,0.0,2.5,0.0,0.0,0.0,1.5625,0.0,0.0,0.0
2022-01-01,0.6666666666666666,0.4,0.0,3.185185185185185,0.0,0.5,3.2407407407407405,2.5925925925925926,0.0,0.0,11.14285714285714,0.0,0.0,11.375661375661375,0.0,5.555555555555555,3.076923076923077,7.91304347826087,0.0,0.0,21.794871794871792,0.0,0.0,0.0,0.8333333333333333,0.0,0.0,1.3888888888888886,2.5,0.0,0.0,20.0,0.0,0.0,2.5,0.0,0.0,0.0,1.25,0.0,0.0,2.857142857142857
2022-02-01,0.65359477124183,0.392156862745098,0.0,3.1590413943355116,0.0,0.4901960784313725,4.166666666666666,0.0,0.0,0.0,17.142857142857142,0.0,0.0,15.714285714285714,1.4814814814814814,0.0,0.0,5.62962962962963,0.0,0.0,17.94871794871795,0.0,0.0,0.0,0.8,0.0,0.0,0.0,2.083333333333333,0.0,0.0,12.499999999999998,0.0,0.0,2.083333333333333,2.3809523809523805,0.0,0.0,1.0416666666666665,0.0,0.0,2.3809523809523805
2022-03-01,1.3333333333333333,0.4,0.0,2.8518518518518516,0.0,0.5,4.227053140096618,2.380952380952381,0.0,0.0,7.967032967032968,0.0,0.0,8.465608465608465,0.0,0.0,0.0,4.933333333333334,0.0,0.0,15.384615384615385,0.9615384615384616,0.0,0.0,0.7692307692307693,0.0,0.0,1.2820512820512822,1.9230769230769231,0.0,0.0,9.615384615384617,0.0,0.0,1.9230769230769231,1.5873015873015872,2.7777777777777777,0.0,0.6944444444444444,0.0,0.0,1.5873015873015872
2022-04-01,2.6143790849673203,0.392156862745098,0.0,3.1590413943355116,0.0,0.4901960784313725,4.166666666666666,10.06416751097602,0.0,0.0,7.848324514991181,0.0,0.0,10.846560846560843,7.666666666666667,7.9124579124579135,0.0,8.460606060606061,0.0,0.0,15.384615384615385,0.9259259259259258,0.0,0.0,0.7407407407407407,0.0,0.0,1.2345679012345678,2.941176470588235,0.0,0.0,8.823529411764705,0.0,0.0,4.411764705882352,1.098901098901099,0.0,0.0,0.4807692307692308,0.0,0.0,1.098901098901099
2022-05-01,4.901960784313726,0.2941176470588235,0.0,2.369281045751634,0.0,12.5,3.125,11.882716049382717,2.0,0.0,11.088709677419354,0.0,5.0,7.765151515151516,16.96894409937888,0.0,0.0,5.023255813953488,0.0,0.0,11.282051282051281,1.282051282051282,0.0,0.0,1.0256410256410255,0.0,0.0,0.8547008547008547,3.125,0.0,0.0,7.03125,0.0,0.0,1.5625,2.7355623100303954,0.5319148936170213,0.0,0.13297872340425532,0.0,0.0,0.303951367781155
2022-06-01,6.593406593406594,0.2197802197802198,0.0,2.478250915750916,0.0,0.5494505494505495,1.429263565891473,24.249249249249246,0.0,0.0,7.72005772005772,0.0,1.8518518518518516,6.767676767676767,16.153846153846153,4.316239316239316,0.0,2.8974358974358974,0.0,0.0,6.043956043956044,1.7857142857142856,0.0,0.0,1.7857142857142854,0.0,0.0,0.5952380952380952,2.976190476190476,0.0,0.0,11.904761904761905,0.0,0.0,1.7857142857142856,1.4527845036319615,0.423728813559322,0.0,0.1059322033898305,0.0,0.0,0.0
2022-07-01,8.0,0.2666666666666667,0.0,2.9629629629629632,0.0,0.6666666666666669,2.804232804232804,11.728395061728394,0.0,0.0,13.77995642701525,0.0,2.272727272727273,6.481481481481481,16.11811391223156,3.6928104575163396,0.0,4.152380952380953,0.0,2.0053475935828873,7.828054298642534,1.7241379310344827,0.0,0.0,2.0689655172413794,0.0,0.0,1.149425287356322,3.488372093023256,0.0,0.0,5.232558139534883,0.0,0.0,1.744186046511628,1.512605042016807,0.29411764705882354,0.0,0.14705882352941177,0.0,0.0,0.16806722689075632
2022-08-01,5.487804878048781,0.24390243902439024,0.0,3.5183627698345945,0.0,2.439024390243902,2.5788387857353374,22.10433244916003,2.051282051282051,0.0,14.478114478114477,16.666666666666664,8.333333333333332,6.944444444444443,15.024658420244158,2.7777777777777777,0.0,5.448275862068965,0.0,4.838709677419354,8.241758241758241,1.7241379310344827,0.0,0.574712643678161,3.1034482758620685,5.172413793103448,0.0,0.574712643678161,3.125,0.0,0.0,5.625,0.0,0.0,0.625,1.9841269841269842,0.3472222222222222,0.0,0.26041666666666663,0.0,0.0,0.1984126984126984
2022-09-01,3.1400966183574877,0.2898550724637681,0.0,3.532608695652174,0.0,0.36231884057971014,2.4305555555555554,11.84848484848485,0.0,0.0,14.285714285714285,0.0,0.0,6.428571428571428,8.444444444444445,1.8140589569160999,0.0,5.304347826086956,0.0,1.8552875695732836,11.282051282051281,1.6304347826086956,0.0,0.0,3.043478260869565,0.0,0.0,0.7246376811594203,3.448275862068965,0.0,0.0,17.24137931034483,0.0,0.0,0.8620689655172413,2.5641025641025643,0.641025641025641,0.0,1.1217948717948718,0.0,0.0,0.3663003663003663
2022-10-01,2.8301886792452833,0.37735849056603776,0.0,4.5183714001986095,0.0,0.4716981132075472,3.9649122807017547,5.833333333333333,0.0,0.0,16.444444444444443,0.0,0.0,12.037037037037038,10.358974358974358,3.7037037037037033,0.0,7.2333333333333325,0.0,0.0,13.846153846153847,1.2195121951219512,0.0,0.0,5.853658536585366,0.0,0.0,0.8130081300813008,3.846153846153846,0.0,0.0,5.769230769230769,0.0,0.0,0.9615384615384616,2.255639097744361,1.3157894736842104,0.0,0.9868421052631579,0.0,0.0,0.7518796992481203
2022-11-01,3.205128205128205,0.38461538461538464,0.0,4.700854700854701,0.0,1.9230769230769231,3.2407407407407405,4.166666666666667,0.0,0.0,20.555555555555557,0.0,0.0,12.037037037037038,3.3333333333333335,0.0,0.0,8.0,0.0,0.0,12.82051282051282,0.8064516129032258,0.0,0.0,0.6451612903225806,0.0,0.0,1.075268817204301,1.5625,0.0,0.0,9.375,0.0,0.0,3.125,1.4285714285714286,0.0,0.0,0.625,0.0,0.0,1.4285714285714286
2022-12-01,0.6802721088435374,0.40816326530612246,0.0,3.661464585834333,0.0,0.5102040816326531,3.4100596760443302,2.631578947368421,0.0,0.0,13.194444444444445,0.0,0.0,13.888888888888888,1.4814814814814814,0.0,0.0,5.846153846153847,0.0,0.0,21.794871794871792,0.0,0.0,0.0,0.8333333333333333,0.0,0.0,1.3888888888888886,2.083333333333333,0.0,0.0,12.5,0.0,0.0,2.083333333333333,0.0,0.0,0.0,1.0416666666666665,0.0,0.0,0.0
2023-01-01,0.7751937984496124,0.4651162790697675,0.0,5.271317829457364,0.0,0.5813953488372093,5.0,0.0,0.0,0.0,25.43859649122807,0.0,0.0,18.095238095238095,2.5,5.555555555555555,0.0,8.333333333333334,0.0,0.0,21.794871794871792,0.0,0.0,0.0,0.9090909090909092,0.0,0.0,1.5151515151515154,2.272727272727273,3.0303030303030307,0.0,15.90909090909091,0.0,0.0,2.272727272727273,2.3809523809523805,0.0,0.0,1.0416666666666665,0.0,0.0,2.3809523809523805
2023-02-01,0.7246376811594203,0.43478260869565216,0.0,5.298913043478261,0.0,0.5434782608695652,4.640151515151516,0.0,0.0,0.0,30.208333333333332,0.0,0.0,18.055555555555554,0.0,0.0,0.0,17.333333333333332,0.0,0.0,42.30769230769231,0.0,0.0,0.0,1.6,0.0,0.0,0.0,2.272727272727273,3.0303030303030307,0.0,20.454545454545453,0.0,0.0,2.272727272727273,2.0408163265306123,0.0,0.0,0.8928571428571428,0.0,0.0,2.0408163265306123
2023-03-01,1.1111111111111112,0.4444444444444445,0.0,6.388888888888889,0.0,0.5555555555555556,4.712301587301588,3.571428571428571,3.8095238095238093,0.0,27.777777777777775,0.0,0.0,12.777777777777777,2.761904761904762,2.1739130434782608,0.0,5.7142857142857135,0.0,0.0,11.282051282051281,1.0416666666666665,0.0,0.0,1.6666666666666665,0.0,0.0,1.3888888888888886,1.6666666666666667,4.444444444444445,0.0,15.0,0.0,0.0,5.0,1.7857142857142858,0.0,0.0,0.78125,0.0,0.0,1.7857142857142858
2023-04-01,7.666666666666667,0.4,0.0,6.37037037037037,0.0,0.5,4.227053140096618,4.444444444444445,0.0,0.0,23.333333333333332,0.0,0.0,14.761904761904761,11.969696969696969,3.7037037037037033,0.0,6.980392156862745,0.0,0.0,15.384615384615385,0.8620689655172413,0.0,0.0,4.13793103448276,0.0,0.0,1.1494252873563218,2.380952380952381,1.5873015873015872,0.0,9.523809523809522,0.0,0.0,2.380952380952381,2.3809523809523805,1.3888888888888888,0.0,0.6944444444444444,0.0,0.0,0.7936507936507936
2023-05-01,11.206896551724137,0.3448275862068966,0.0,6.554460864805691,0.0,6.8965517241379315,3.615520282186948,25.43238993710692,2.2857142857142856,0.0,17.083333333333332,0.0,8.75,10.795454545454547,21.136778115501517,3.7037037037037033,0.0,7.565891472868215,0.0,1.1605415860735009,13.846153846153847,1.282051282051282,0.0,0.0,1.5384615384615385,0.0,0.0,0.8547008547008547,2.272727272727273,1.5151515151515154,0.0,11.363636363636363,0.0,0.0,1.1363636363636365,2.4390243902439024,0.6097560975609756,0.0,0.3048780487804878,0.0,0.0,0.3484320557491289
2023-06-01,9.146341463414634,0.4878048780487805,0.0,6.090552284833194,0.0,1.5243902439024388,2.5788387857353374,29.46605141727093,2.9629629629629624,0.0,18.203309692671393,0.0,1.6666666666666667,7.638888888888888,18.00949453123366,2.2222222222222223,0.0,5.577464788732394,0.0,0.0,8.888888888888888,1.5625,0.5208333333333334,0.0,1.5625,0.0,0.0,0.5208333333333334,3.571428571428571,0.5952380952380952,0.0,11.607142857142858,0.0,0.0,0.8928571428571428,1.5714285714285714,0.25,0.0,0.125,0.0,0.0,0.14285714285714285
2023-07-01,7.333333333333332,0.2666666666666667,0.0,8.683760683760683,0.0,2.0000000000000004,2.8754578754578755,22.916666666666668,0.0,0.0,20.25129342202513,0.0,2.8846153846153846,4.545454545454545,20.211267605633804,2.2222222222222223,0.7583965330444203,8.061538461538461,0.0,0.0,8.461538461538462,1.639344262295082,0.546448087431694,0.0,2.6229508196721305,0.0,0.0,1.092896174863388,3.723404255319149,0.0,0.0,4.25531914893617,0.0,0.0,1.0638297872340425,2.255639097744361,0.2631578947368421,0.0,0.39473684210526316,0.0,0.0,0.15037593984962405
2023-08-01,11.821705426356589,0.4651162790697675,0.0,8.488372093023257,0.0,0.8720930232558141,2.693798449612403,35.48237476808905,2.424242424242424,0.0,52.976190476190474,0.0,0.0,10.476190476190474,12.148148148148149,1.8518518518518516,0.0,7.93574297188755,0.0,0.0,6.923076923076923,2.272727272727273,0.0,0.0,10.90909090909091,0.0,0.0,1.5151515151515154,5.612244897959184,0.6802721088435374,0.0,4.081632653061224,0.0,0.0,1.5306122448979593,3.156146179401994,0.2906976744186047,0.0,0.5087209302325582,0.0,0.872093023255814,0.16611295681063126
2023-09-01,11.178861788617885,0.7317073170731707,0.0,26.156433978132885,0.0,1.2195121951219512,2.7820908182556625,30.572755417956657,1.4035087719298245,0.0,78.10047095761382,0.0,2.4193548387096775,7.088989441930618,13.511111111111111,1.8518518518518516,0.0,15.119999999999997,0.0,0.0,7.264957264957265,1.4150943396226416,0.0,0.0,13.584905660377359,0.0,0.0,0.6289308176100629,5.263157894736842,0.0,0.0,5.263157894736842,0.0,3.508771929824561,1.3157894736842104,3.8379530916844358,0.3731343283582089,0.0,0.8395522388059703,0.0,0.0,0.21321961620469082
2023-10-01,5.151515151515151,0.3636363636363636,0.0,13.955342902711322,0.0,0.4545454545454545,3.9136302294197027,10.256410256410257,0.0,0.0,29.6875,0.0,0.0,11.363636363636365,10.142857142857142,2.7777777777777777,0.0,11.666666666666664,0.0,0.0,10.164835164835164,1.0869565217391304,2.1739130434782608,0.0,6.086956521739131,0.0,0.0,0.7246376811594203,5.147058823529411,0.0,0.0,6.61764705882353,0.0,0.0,1.4705882352941175,3.061224489795918,0.8928571428571428,0.0,1.1160714285714286,0.0,0.0,0.5102040816326531
2023-11-01,2.040816326530612,0.40816326530612246,0.0,12.304921968787516,0.0,0.5102040816326531,4.390451832907076,11.764705882352942,4.0,0.0,35.858585858585855,0.0,0.0,13.194444444444443,3.8095238095238093,8.93719806763285,0.0,14.952380952380953,0.0,0.0,21.794871794871792,0.6756756756756755,1.8018018018018018,0.0,4.864864864864865,0.0,0.0,0.9009009009009007,3.125,0.0,0.0,14.0625,0.0,0.0,1.5625,1.7857142857142858,3.125,0.0,3.90625,0.0,0.0,1.7857142857142858
2023-12-01,1.1627906976744187,0.4651162790697675,0.0,11.705426356589149,0.0,0.0,5.0,0.0,3.2,0.0,31.060606060606062,0.0,0.0,15.873015873015872,0.0,11.11111111111111,0.0,26.105263157894736,0.0,0.0,38.46153846153846,0.0,0.0,0.0,5.185185185185185,0.0,0.0,1.2345679012345678,1.9230769230769231,0.0,0.0,13.461538461538463,0.0,0.0,3.846153846153846,2.0408163265306123,0.0,0.0,2.678571428571428,0.0,0.0,2.0408163265306123
2024-01-01,0.7751937984496124,0.4651162790697675,0.0,15.090439276485789,0.0,0.5813953488372093,5.833333333333333,0.0,0.0,0.0,54.166666666666664,0.0,0.0,21.428571428571427,0.0,0.0,2.564102564102564,22.72727272727273,0.0,0.0,26.923076923076923,0.0,0.0,0.0,3.0769230769230766,0.0,0.0,1.2820512820512822,2.272727272727273,0.0,0.0,20.454545454545453,0.0,0.0,2.272727272727273,2.0408163265306123,3.571428571428571,0.0,2.678571428571428,0.0,0.0,2.0408163265306123
2024-02-01,2.222222222222222,0.4444444444444445,0.0,22.800925925925924,0.0,0.5555555555555556,6.5476190476190474,3.7037037037037037,0.0,2.142857142857143,85.60606060606061,0.0,6.666666666666667,20.13888888888889,7.7777777777777795,11.11111111111111,0.0,79.52941176470588,0.0,0.0,38.46153846153846,0.8928571428571428,0.0,0.0,41.42857142857143,0.0,0.0,1.1904761904761905,1.7857142857142856,2.380952380952381,0.0,21.428571428571427,0.0,0.0,1.7857142857142856,1.5873015873015872,2.7777777777777777,0.0,4.166666666666666,0.0,0.0,1.5873015873015872
2024-03-01,2.3333333333333335,0.4,0.0,18.11111111111111,0.0,0.5,4.166666666666666,6.25,3.4782608695652173,0.0,64.16666666666667,0.0,0.0,18.095238095238095,7.222222222222222,0.0,0.0,30.615384615384613,0.0,0.0,17.94871794871795,0.7142857142857143,0.0,0.0,29.714285714285715,0.0,0.0,0.9523809523809524,1.5625,0.0,0.0,25.0,0.0,0.0,3.125,3.061224489795918,1.7857142857142856,0.0,2.678571428571428,0.0,0.0,1.0204081632653061
2024-04-01,8.333333333333334,0.3703703703703704,0.0,19.42820012995452,0.0,0.462962962962963,3.9136302294197027,11.403508771929824,3.5714285714285716,0.0,50.694444444444436,0.0,0.0,17.36111111111111,11.666666666666666,3.7037037037037033,0.0,21.33333333333333,0.0,0.0,15.384615384615385,1.25,0.0,0.0,16.0,0.0,0.0,0.8333333333333334,3.125,0.0,0.0,22.916666666666664,0.0,0.0,2.083333333333333,2.484472049689441,1.0869565217391304,0.0,1.6304347826086956,0.0,0.0,0.6211180124223602
2024-05-01,13.777777777777779,0.2666666666666667,0.0,18.320987654320984,0.0,0.3333333333333334,2.804232804232804,13.793103448275863,2.325581395348837,0.0,32.612612612612615,0.0,0.0,6.282051282051282,18.32804232804233,1.9753086419753088,0.0,16.19047619047619,0.0,0.0,13.846153846153847,1.1111111111111112,0.0,0.0,10.666666666666666,0.0,0.0,0.7407407407407408,2.8846153846153846,0.0,0.0,14.423076923076923,0.0,0.0,2.8846153846153846,2.5641025641025643,0.641025641025641,0.0,0.8012820512820512,0.0,0.0,0.3663003663003663
2024-06-01,10.045662100456621,0.547945205479452,0.0,12.302423603793466,0.0,0.3424657534246575,2.903469079939668,26.464052287581698,2.8000000000000003,0.0,45.102184637068355,0.0,1.7857142857142856,7.878787878787878,15.058922558922559,2.2222222222222223,0.0,9.624242424242425,0.0,0.0,6.538461538461538,1.4150943396226416,0.6289308176100629,0.0,7.169811320754716,0.0,0.0,0.6289308176100629,3.6764705882352944,0.9803921568627451,0.0,19.11764705882353,0.0,0.0,1.4705882352941175,2.0050125313283207,0.43859649122807015,0.0,0.43859649122807015,0.0,0.0,0.2506265664160401
2024-07-01,11.392405063291141,0.5063291139240507,0.0,11.399939722724532,0.0,0.9493670886075951,2.6866151866151866,22.074074074074076,1.5151515151515151,0.0,26.432748538011698,0.0,0.0,5.0,14.428571428571427,1.8518518518518516,0.0,7.904761904761905,0.0,0.6993006993006993,5.6410256410256405,1.639344262295082,0.546448087431694,0.0,7.540983606557377,0.0,0.0,1.639344262295082,2.830188679245283,0.6289308176100629,0.0,5.660377358490567,0.0,0.0,0.9433962264150944,1.8083182640144666,0.3164556962025317,0.0,0.31645569620253167,0.0,0.0,0.1808318264014467
2024-08-01,9.75609756097561,0.4878048780487805,0.0,10.015419119708438,7.001682085786375,19.51219512195122,2.5788387857353374,26.435185185185187,1.6949152542372878,0.0,20.663650075414782,0.0,58.28282828282829,7.905982905982905,19.438923395445137,4.549114331723027,0.6688963210702341,9.809523809523807,0.0,0.0,6.923076923076923,1.96078431372549,1.30718954248366,0.0,9.019607843137255,15.68627450980392,0.0,1.9607843137254897,3.571428571428571,0.5291005291005291,0.0,4.365079365079365,0.0,0.0,0.7936507936507936,2.406015037593985,0.2631578947368421,0.0,0.4605263157894736,0.0,0.7894736842105263,0.15037593984962405
2024-09-01,4.333333333333333,0.2,0.0,7.285714285714285,3.428571428571429,12.75,2.137791286727457,23.97321428571429,0.0,0.0,21.666666666666668,0.0,76.64835164835165,9.047619047619047,16.594202898550726,2.2222222222222223,0.0,7.98840579710145,0.0,0.0,5.0,1.6304347826086956,0.0,0.0,10.869565217391305,0.0,0.0,0.7246376811594203,3.571428571428571,0.7936507936507936,0.0,7.738095238095237,0.0,0.7936507936507936,1.7857142857142856,2.6785714285714284,0.78125,0.0,0.9765625,0.0,0.0,0.44642857142857145
2024-10-01,3.4013605442176877,0.40816326530612246,0.0,12.849584278155708,1.0204081632653061,2.5510204081632653,4.227053140096618,20.370370370370374,0.0,0.0,34.54106280193236,0.0,3.3333333333333335,15.277777777777777,10.0,3.7037037037037033,0.0,12.252252252252251,0.0,0.0,15.384615384615385,1.1111111111111112,0.7407407407407408,0.0,18.666666666666664,0.0,0.0,0.7407407407407408,2.6785714285714284,0.0,0.0,8.035714285714285,0.0,0.0,2.6785714285714284,2.521008403361345,1.4705882352941175,0.0,1.1029411764705883,0.0,0.0,0.8403361344537814
2024-11-01,1.8939393939393938,0.4545454545454546,0.0,13.636363636363635,0.0,17.613636363636363,4.712301587301588,4.385964912280701,0.0,0.0,38.333333333333336,0.0,3.125,14.814814814814815,3.3333333333333335,0.0,0.0,15.897435897435898,0.0,0.0,21.794871794871792,0.6944444444444444,0.0,0.0,2.7777777777777777,0.0,0.0,0.9259259259259259,3.125,0.0,0.0,12.5,0.0,0.0,3.125,1.4285714285714286,2.5,0.0,1.875,0.0,0.0,1.4285714285714286
2024-12-01,0.7751937984496124,0.4651162790697675,0.0,12.816537467700257,0.0,0.5813953488372093,5.0,0.0,0.0,0.0,38.04347826086956,0.0,0.0,15.277777777777777,2.6666666666666665,5.555555555555555,0.0,13.172413793103448,0.0,0.0,15.384615384615385,0.0,0.0,0.0,3.5714285714285707,0.0,0.0,1.1904761904761905,2.083333333333333,2.7777777777777772,0.0,16.666666666666664,0.0,0.0,2.083333333333333,2.3809523809523805,0.0,0.0,3.125,0.0,0.0,2.3809523809523805
2025-01-01,0.7751937984496124,0.4651162790697675,0.0,15.090439276485789,0.0,1.1627906976744187,5.0,0.0,3.8095238095238093,0.0,54.629629629629626,0.0,0.0,21.666666666666668,0.0,5.555555555555555,2.6755852842809364,16.761904761904763,0.0,0.0,26.923076923076923,0.0,0.0,0.0,2.9629629629629624,0.0,0.0,1.2345679012345678,2.272727272727273,0.0,0.0,18.181818181818183,0.0,0.0,4.545454545454546,1.7857142857142858,3.125,0.0,2.34375,0.0,0.0,1.7857142857142858
2025-02-01,1.1904761904761905,0.9523809523809523,0.0,13.73015873015873,0.0,1.1904761904761905,5.0,0.0,9.09090909090909,0.0,62.982456140350884,0.0,0.0,16.11111111111111,0.0,5.555555555555555,0.0,20.363636363636363,0.0,0.0,21.794871794871792,0.0,0.0,0.0,2.3076923076923075,0.0,0.0,1.2820512820512822,2.083333333333333,0.0,0.0,16.666666666666668,0.0,0.0,4.166666666666666,1.7857142857142858,3.125,0.0,2.34375,0.0,0.0,1.7857142857142858
2025-03-01,2.173913043478261,0.8695652173913043,0.0,12.726449275362318,0.0,1.6304347826086956,4.640151515151516,5.263157894736842,5.185185185185185,0.0,41.062801932367144,0.0,0.0,15.277777777777777,4.444444444444444,8.78136200716846,0.0,13.172413793103448,0.0,0.0,16.666666666666664,0.0,0.0,0.0,2.0689655172413794,0.0,0.0,1.1494252873563218,1.7857142857142856,0.0,0.0,12.5,0.0,0.0,1.7857142857142856,1.1904761904761902,10.416666666666664,0.0,1.5625,0.0,0.0,1.1904761904761902
2025-04-01,3.6666666666666665,1.2,0.0,11.148148148148147,0.0,1.0,4.227053140096618,4.444444444444445,9.09090909090909,0.0,41.57894736842105,0.0,0.0,14.761904761904761,8.333333333333334,22.22222222222222,0.0,12.758620689655173,0.0,0.0,19.23076923076923,0.8620689655172413,1.1494252873563218,0.0,2.0689655172413794,0.0,0.0,1.1494252873563218,2.272727272727273,1.5151515151515154,0.0,7.954545454545455,0.0,0.0,1.1363636363636365,1.7857142857142858,15.625,0.0,0.78125,0.0,0.0,0.5952380952380951
2025-05-01,6.122448979591837,1.6326530612244898,0.0,9.283713485394157,0.0,0.5102040816326531,3.665814151747656,8.333333333333334,6.8965517241379315,0.0,25.333333333333332,0.0,0.0,7.1428571428571415,17.77777777777778,7.4074074074074066,0.0,12.666666666666664,0.0,0.0,12.82051282051282,0.6756756756756755,0.9009009009009007,0.0,4.864864864864865,0.0,0.0,2.702702702702702,2.7777777777777777,1.2345679012345678,0.0,7.407407407407406,0.0,0.0,1.8518518518518516,1.6326530612244898,3.571428571428571,0.0,0.5357142857142857,0.0,0.0,0.40816326530612246
2025-06-01,6.666666666666668,0.9230769230769231,0.0,7.168338907469341,0.0,0.7692307692307692,3.285024154589372,14.280185758513932,0.0,0.0,16.807610993657505,0.0,0.0,8.282828282828284,14.166666666666666,4.444444444444445,0.0,6.579769526248399,0.0,0.0,5.0,1.4150943396226416,0.6289308176100629,0.0,2.641509433962264,0.0,0.0,0.6289308176100629,2.906976744186046,0.7751937984496124,0.0,12.790697674418604,0.0,0.0,1.1627906976744187,1.6096579476861168,2.464788732394366,0.0,0.2640845070422535,0.0,0.0,0.2012072434607646
2025-07-01,7.971014492753624,9.855072463768115,0.0,7.806763285024155,0.0,1.8115942028985508,3.0101010101010104,25.578703703703706,23.06818181818182,0.0,23.392461197339244,0.0,10.576923076923077,9.956709956709956,18.148148148148145,20.123456790123456,0.0,6.254545454545455,0.0,3.9141414141414144,8.461538461538462,1.0,9.666666666666666,0.5,3.2,0.0,0.0,1.0,3.289473684210526,0.8771929824561403,0.0,5.263157894736842,0.0,0.0,0.6578947368421052,1.8633540372670807,2.536231884057971,0.0,0.36231884057971014,0.0,0.0,0.2070393374741201
2025-08-01,13.698630136986301,8.21917808219178,0.0,8.552862662451703,0.0,7.534246575342466,2.903469079939668,50.254629629629626,27.955124936257015,0.0,20.471014492753625,0.0,18.333333333333332,9.027777777777779,19.06559877955759,19.76608187134503,0.0,6.285714285714286,0.0,6.45933014354067,10.384615384615385,1.5822784810126582,8.860759493670889,0.6329113924050634,3.7974683544303796,0.0,0.0,0.8438818565400846,3.846153846153846,16.666666666666668,0.0,4.326923076923077,0.0,0.0,1.4423076923076923,2.531645569620253,3.481012658227848,0.0,0.39556962025316456,0.0,0.6329113924050634,0.1808318264014467
2025-09-01,11.111111111111112,20.952380952380953,0.0,8.477633477633477,0.0,1.5873015873015872,3.383838383838384,33.35670874240299,88.55762594893028,0.0,21.880341880341877,0.0,4.0,10.714285714285714,9.537037037037036,46.01139601139601,0.0,5.277777777777779,0.0,8.275058275058274,6.324786324786325,1.4150943396226416,8.80503144654088,0.0,3.018867924528302,0.0,0.0,0.6289308176100629,3.448275862068965,1.1494252873563218,0.0,5.1724137931034475,0.0,0.0,0.8620689655172413,2.857142857142857,9.166666666666664,0.0,0.625,0.0,0.0,0.47619047619047616
2025-10-01,3.8194444444444446,4.583333333333333,0.0,11.376633986928104,0.0,1.0416666666666665,4.390451832907076,11.904761904761905,11.136363636363637,0.0,24.691358024691358,0.0,0.0,15.079365079365077,7.121212121212122,16.19047619047619,0.0,12.424242424242426,0.0,4.155844155844156,15.384615384615385,0.7142857142857143,1.9047619047619049,0.0,2.8571428571428568,0.0,0.0,0.9523809523809524,3.125,2.7777777777777772,0.0,9.375,0.0,0.0,2.083333333333333,2.0408163265306123,5.357142857142857,0.0,0.8928571428571428,0.0,0.0,1.0204081632653061
2025-11-01,2.1276595744680846,4.25531914893617,0.0,12.724238631622862,0.0,0.5319148936170213,5.436720142602495,4.385964912280701,8.57142857142857,0.0,43.74999999999999,0.0,0.0,20.13888888888889,2.8571428571428563,11.11111111111111,0.0,19.636363636363637,0.0,0.0,21.794871794871792,0.8064516129032258,2.150537634408602,0.0,2.5806451612903225,0.0,0.0,2.150537634408602,1.5625,8.333333333333334,0.0,14.0625,6.25,0.0,3.125,1.7857142857142858,3.125,0.0,1.5625,0.0,0.0,1.7857142857142858
2025-12-01,1.550387596899225,4.651162790697675,0.0,19.198966408268735,0.0,0.5813953488372093,6.111111111111112,0.0,12.727272727272727,0.0,65.26315789473684,0.0,0.0,18.88888888888889,1.6666666666666667,16.049382716049383,0.0,20.48,0.0,0.0,30.76923076923077,0.0,1.2820512820512822,0.0,3.0769230769230766,0.0,0.0,1.2820512820512822,2.083333333333333,8.333333333333334,0.0,16.666666666666668,0.0,0.0,4.166666666666666,2.3809523809523805,4.166666666666666,0.0,2.083333333333333,0.0,0.0,2.3809523809523805
