,Germany,Germany,Germany,Germany,Germany,Germany,Germany,Germany,Germany,Germany,Germany,Germany,Austria,Austria,Austria,Austria,Austria,Austria,Austria,Austria,Austria,Austria,Austria,Austria,Switzerland,Switzerland,Switzerland,Switzerland,Switzerland,Switzerland,Switzerland,Switzerland,Switzerland,Switzerland,Switzerland,Switzerland,Italy,Italy,Italy,Italy,Italy,Italy,Italy,Italy,Italy,Italy,Italy,Italy,Spain,Spain,Spain,Spain,Spain,Spain,Spain,Spain,Spain,Spain,Spain,Spain,France,France,France,France,France,France,France,France,France,France,France,France
,Aedes-borne disease system,Aedes-borne disease system,Aedes-borne disease system,Aedes-borne disease system,Aedes-borne disease system,Aedes-borne disease system,Culex-borne disease system,Culex-borne disease system,Culex-borne disease system,Culex-borne disease system,Culex-borne disease system,Culex-borne disease system,Aedes-borne disease system,Aedes-borne disease system,Aedes-borne disease system,Aedes-borne disease system,Aedes-borne disease system,Aedes-borne disease system,Culex-borne disease system,Culex-borne disease system,Culex-borne disease system,Culex-borne disease system,Culex-borne disease system,Culex-borne disease system,Aedes-borne disease system,Aedes-borne disease system,Aedes-borne disease system,Aedes-borne disease system,Aedes-borne disease system,Aedes-borne disease system,Culex-borne disease system,Culex-borne disease system,Culex-borne disease system,Culex-borne disease system,Culex-borne disease system,Culex-borne disease system,Aedes-borne disease system,Aedes-borne disease system,Aedes-borne disease system,Aedes-borne disease system,Aedes-borne disease system,Aedes-borne disease system,Culex-borne disease system,Culex-borne disease system,Culex-borne disease system,Culex-borne disease system,Culex-borne disease system,Culex-borne disease system,Aedes-borne disease system,Aedes-borne disease system,Aedes-borne disease system,Aedes-borne disease system,Aedes-borne disease system,Aedes-borne disease system,Culex-borne disease system,Culex-borne disease system,Culex-borne disease system,Culex-borne disease system,Culex-borne disease system,Culex-borne disease system,Aedes-borne disease system,Aedes-borne disease system,Aedes-borne disease system,Aedes-borne disease system,Aedes-borne disease system,Aedes-borne disease system,Culex-borne disease system,Culex-borne disease system,Culex-borne disease system,Culex-borne disease system,Culex-borne disease system,Culex-borne disease system
,term,term_count,term_ratio,doc_count,doc_ratio,sample_size,term,term_count,term_ratio,doc_count,doc_ratio,sample_size,term,term_count,term_ratio,doc_count,doc_ratio,sample_size,term,term_count,term_ratio,doc_count,doc_ratio,sample_size,term,term_count,term_ratio,doc_count,doc_ratio,sample_size,term,term_count,term_ratio,doc_count,doc_ratio,sample_size,term,term_count,term_ratio,doc_count,doc_ratio,sample_size,term,term_count,term_ratio,doc_count,doc_ratio,sample_size,term,term_count,term_ratio,doc_count,doc_ratio,sample_size,term,term_count,term_ratio,doc_count,doc_ratio,sample_size,term,term_count,term_ratio,doc_count,doc_ratio,sample_size,term,term_count,term_ratio,doc_count,doc_ratio,sample_size
0,deutschland,254,0.254,254,0.254,1000,west,664,0.664,662,0.662,1000,zika,367,0.367,367,0.367,1000,west,133,0.244,133,0.244,545,zika,320,0.32,310,0.31,1000,virus,50,0.146,50,0.146,343,dengue,408,0.408,404,0.404,1000,west,467,0.467,466,0.466,1000,zika,347,0.347,345,0.345,1000,nilo,796,0.796,794,0.794,1000,moustique,447,0.447,438,0.438,1000,virus,388,0.388,386,0.386,1000
1,tigermücke,220,0.22,219,0.219,1000,nil,664,0.664,662,0.662,1000,virus,301,0.301,300,0.3,1000,nil,133,0.244,133,0.244,545,virus,211,0.211,209,0.209,1000,nil,48,0.14,48,0.14,343,zika,212,0.212,211,0.211,1000,nile,464,0.464,463,0.463,1000,mosquito,339,0.339,337,0.337,1000,virus,739,0.739,736,0.736,1000,tigre,441,0.441,441,0.441,1000,cas,258,0.258,250,0.25,1000
2,asiatische,171,0.171,171,0.171,1000,virus,663,0.663,656,0.656,1000,dengue,116,0.116,116,0.116,1000,virus,95,0.174,95,0.174,545,dengue,133,0.133,131,0.131,1000,west,42,0.122,42,0.122,343,casi,192,0.192,190,0.19,1000,virus,279,0.279,276,0.276,1000,tigre,274,0.274,273,0.273,1000,mosquitos,306,0.306,306,0.306,1000,dengue,219,0.219,219,0.219,1000,nil,213,0.213,213,0.213,1000
3,virus,166,0.166,165,0.165,1000,deutschland,247,0.247,247,0.247,1000,fieber,68,0.068,68,0.068,1000,fieber,66,0.121,66,0.121,545,tigermücke,122,0.122,121,0.121,1000,mücken,33,0.0962,33,0.0962,343,virus,184,0.184,184,0.184,1000,zanzare,235,0.235,234,0.234,1000,españa,273,0.273,272,0.272,1000,sevilla,216,0.216,216,0.216,1000,zika,184,0.184,184,0.184,1000,occidental,186,0.186,186,0.186,1000
4,mücken,157,0.157,157,0.157,1000,italien,175,0.175,175,0.175,1000,chikungunya,60,0.06,60,0.06,1000,österreich,55,0.101,55,0.101,545,moustique,113,0.113,110,0.11,1000,tigermücke,19,0.0554,19,0.0554,343,zanzare,175,0.175,175,0.175,1000,nilo,224,0.224,224,0.224,1000,virus,220,0.22,220,0.22,1000,occidental,213,0.213,213,0.213,1000,cas,183,0.183,176,0.176,1000,france,157,0.157,157,0.157,1000
5,zika,119,0.119,118,0.118,1000,fieber,148,0.148,148,0.148,1000,who,59,0.059,59,0.059,1000,gelsen,52,0.0954,52,0.0954,545,tigre,110,0.11,110,0.11,1000,zika,18,0.0525,18,0.0525,343,zanzara,142,0.142,142,0.142,1000,febbre,199,0.199,199,0.199,1000,mosquitos,158,0.158,157,0.157,1000,andalucía,143,0.143,143,0.143,1000,france,180,0.18,178,0.178,1000,moustiques,141,0.141,139,0.139,1000
6,europa,113,0.113,113,0.113,1000,breitet,139,0.139,139,0.139,1000,brasilien,55,0.055,55,0.055,1000,tote,43,0.0789,43,0.0789,545,fieber,92,0.092,90,0.09,1000,schweiz,16,0.0466,16,0.0466,343,febbre,125,0.125,124,0.124,1000,casi,193,0.193,192,0.192,1000,dengue,156,0.156,155,0.155,1000,caso,123,0.123,123,0.123,1000,chikungunya,160,0.16,160,0.16,1000,west,95,0.095,95,0.095,1000
7,klimawandel,108,0.108,108,0.108,1000,tote,127,0.127,127,0.127,1000,europa,48,0.048,48,0.048,1000,europa,28,0.0514,28,0.0514,545,tigermücken,59,0.059,59,0.059,1000,tote,15,0.0437,15,0.0437,343,chikungunya,112,0.112,112,0.112,1000,italia,97,0.097,97,0.097,1000,casos,148,0.148,148,0.148,1000,salud,108,0.108,107,0.107,1000,santé,132,0.132,130,0.13,1000,nile,95,0.095,95,0.095,1000
8,tigermücken,97,0.097,97,0.097,1000,mücken,91,0.091,91,0.091,1000,tigermücke,48,0.048,48,0.048,1000,klimawandel,28,0.0514,28,0.0514,545,schweiz,59,0.059,59,0.059,1000,klimawandel,15,0.0437,15,0.0437,343,italia,109,0.109,109,0.109,1000,zanzara,84,0.084,84,0.084,1000,chikungunya,124,0.124,124,0.124,1000,casos,103,0.103,103,0.103,1000,virus,110,0.11,110,0.11,1000,moustique,91,0.091,90,0.09,1000
9,breitet,93,0.093,93,0.093,1000,infektion,85,0.085,85,0.085,1000,österreich,46,0.046,46,0.046,1000,fälle,24,0.044,24,0.044,545,chikungunya,56,0.056,56,0.056,1000,grössten,15,0.0437,15,0.0437,343,disinfestazione,98,0.098,98,0.098,1000,morti,63,0.063,63,0.063,1000,sanidad,72,0.072,72,0.072,1000,fiebre,102,0.102,102,0.102,1000,moustiques,85,0.085,85,0.085,1000,chikungunya,84,0.084,84,0.084,1000
10,dengue,87,0.087,87,0.087,1000,infektionen,82,0.082,82,0.082,1000,impfstoff,41,0.041,41,0.041,1000,griechenland,22,0.0404,22,0.0404,545,cas,46,0.046,46,0.046,1000,italien,13,0.0379,13,0.0379,343,tigre,95,0.095,95,0.095,1000,allarme,54,0.054,54,0.054,1000,alerta,71,0.071,71,0.071,1000,españa,98,0.098,98,0.098,1000,vigilance,58,0.058,58,0.058,1000,dengue,83,0.083,83,0.083,1000
11,chikungunya,77,0.077,77,0.077,1000,griechenland,75,0.075,75,0.075,1000,gelsen,39,0.039,39,0.039,1000,mücken,21,0.0385,21,0.0385,545,fälle,34,0.034,34,0.034,1000,breitet,13,0.0379,13,0.0379,343,rischio,66,0.066,66,0.066,1000,usutu,51,0.051,51,0.051,1000,riesgo,65,0.065,65,0.065,1000,alerta,91,0.091,90,0.09,1000,départements,53,0.053,53,0.053,1000,santé,75,0.075,75,0.075,1000
12,fieber,70,0.07,70,0.07,1000,vogel,66,0.066,66,0.066,1000,fälle,37,0.037,37,0.037,1000,italien,20,0.0367,20,0.0367,545,asiatische,33,0.033,33,0.033,1000,viren,13,0.0379,13,0.0379,343,west,64,0.064,64,0.064,1000,veneto,49,0.049,49,0.049,1000,enfermedades,63,0.063,63,0.063,1000,mosquito,89,0.089,89,0.089,1000,autochtone,40,0.04,40,0.04,1000,tigre,58,0.058,58,0.058,1000
13,fälle,69,0.069,69,0.069,1000,fälle,59,0.059,59,0.059,1000,erstmals,36,0.036,36,0.036,1000,gefährliche,19,0.0349,19,0.0349,545,mücken,30,0.03,30,0.03,1000,europa,13,0.0379,13,0.0379,343,nile,64,0.064,64,0.064,1000,disinfestazione,43,0.043,43,0.043,1000,brote,62,0.062,62,0.062,1000,confirma,79,0.079,79,0.079,1000,métropolitaine,38,0.038,38,0.038,1000,détecté,54,0.054,54,0.054,1000
14,krankheiten,67,0.067,67,0.067,1000,rki,58,0.058,58,0.058,1000,tote,36,0.036,36,0.036,1000,zika,19,0.0349,19,0.0349,545,moustiques,30,0.03,30,0.03,1000,mücke,13,0.0379,13,0.0379,343,allarme,61,0.061,61,0.061,1000,vittima,40,0.04,40,0.04,1000,caso,58,0.058,58,0.058,1000,presencia,76,0.076,76,0.076,1000,métropole,37,0.037,37,0.037,1000,été,53,0.053,52,0.052,1000
15,gefahr,62,0.062,62,0.062,1000,warnt,55,0.055,55,0.055,1000,breitet,35,0.035,35,0.035,1000,gelsenplage,18,0.033,18,0.033,545,suisse,28,0.028,28,0.028,1000,blut,13,0.0379,13,0.0379,343,brasile,60,0.06,60,0.06,1000,lazio,37,0.037,37,0.037,1000,oms,58,0.058,58,0.058,1000,mujer,61,0.061,61,0.061,1000,rouge,37,0.037,37,0.037,1000,maladies,49,0.049,49,0.049,1000
16,übertragen,60,0.06,60,0.06,1000,fall,54,0.054,54,0.054,1000,tigermücken,30,0.03,30,0.03,1000,hitze,17,0.0312,17,0.0312,545,erstmals,25,0.025,25,0.025,1000,vögel,13,0.0379,13,0.0379,343,europa,51,0.051,51,0.051,1000,sangue,34,0.034,34,0.034,1000,europa,56,0.056,56,0.056,1000,detectan,61,0.061,61,0.061,1000,maladies,35,0.035,35,0.035,1000,autochtones,49,0.049,49,0.049,1000
17,viren,53,0.053,53,0.053,1000,gefährliches,52,0.052,52,0.052,1000,schwangere,30,0.03,30,0.03,1000,schon,16,0.0294,16,0.0294,545,epidemie,23,0.023,23,0.023,1000,gesundheit,12,0.035,12,0.035,343,veneto,51,0.051,51,0.051,1000,morto,33,0.033,33,0.033,1000,expansión,42,0.042,42,0.042,1000,detectado,61,0.061,61,0.061,1000,transmission,34,0.034,34,0.034,1000,usutu,48,0.048,48,0.048,1000
18,ausbreitung,50,0.05,50,0.05,1000,gefährlich,49,0.049,49,0.049,1000,mücken,29,0.029,28,0.028,1000,hochwasser,16,0.0294,16,0.0294,545,brasilien,23,0.023,23,0.023,1000,tessin,11,0.0321,11,0.0321,343,malattie,47,0.047,47,0.047,1000,sintomi,31,0.031,31,0.031,1000,peligrosos,41,0.041,41,0.041,1000,cádiz,59,0.059,59,0.059,1000,alerte,33,0.033,33,0.033,1000,métropole,46,0.046,46,0.046,1000
19,gefährlich,48,0.048,48,0.048,1000,deutschem,42,0.042,42,0.042,1000,fall,26,0.026,26,0.026,1000,breitet,14,0.0257,14,0.0257,545,basel,23,0.023,23,0.023,1000,fieber,10,0.0292,10,0.0292,343,scatta,38,0.038,38,0.038,1000,padova,31,0.031,31,0.031,1000,verano,38,0.038,38,0.038,1000,municipios,55,0.055,55,0.055,1000,tigres,30,0.03,30,0.03,1000,var,45,0.045,45,0.045,1000
20,west,46,0.046,46,0.046,1000,meldet,42,0.042,42,0.042,1000,kampf,26,0.026,26,0.026,1000,wintervogelzählung,14,0.0257,14,0.0257,545,genève,21,0.021,21,0.021,1000,krankheiten,10,0.0292,10,0.0292,343,sintomi,34,0.034,34,0.034,1000,dengue,29,0.029,29,0.029,1000,presencia,35,0.035,35,0.035,1000,huelva,54,0.054,54,0.054,1000,autochtones,29,0.029,29,0.029,1000,zika,43,0.043,43,0.043,1000
21,nil,46,0.046,46,0.046,1000,blutspenden,42,0.042,42,0.042,1000,usa,26,0.026,26,0.026,1000,gestorben,13,0.0239,13,0.0239,545,nachgewiesen,20,0.02,20,0.02,1000,spenden,10,0.0292,10,0.0292,343,via,29,0.029,29,0.029,1000,donna,27,0.027,27,0.027,1000,picarnos,35,0.035,35,0.035,1000,riesgo,54,0.054,54,0.054,1000,var,29,0.029,29,0.029,1000,sud,42,0.042,42,0.042,1000
22,neuer,43,0.043,43,0.043,1000,2022,41,0.041,41,0.041,1000,ausbreitung,25,0.025,25,0.025,1000,vormarsch,12,0.022,12,0.022,545,welt,20,0.02,20,0.02,1000,schlagen,10,0.0292,10,0.0292,343,autoctono,27,0.027,27,0.027,1000,allerta,26,0.026,26,0.026,1000,enfermedad,31,0.031,31,0.031,1000,amenaza,50,0.05,50,0.05,1000,paris,28,0.028,28,0.028,1000,qu'est,31,0.031,31,0.031,1000
23,bringt,41,0.041,41,0.041,1000,subtropen,40,0.04,40,0.04,1000,klimawandel,24,0.024,24,0.024,1000,heuer,12,0.022,12,0.022,545,europa,19,0.019,19,0.019,1000,verbreitet,9,0.0262,9,0.0262,343,rischi,24,0.024,24,0.024,1000,ricoverato,25,0.025,25,0.025,1000,síntomas,31,0.031,31,0.031,1000,circulación,49,0.049,49,0.049,1000,risque,27,0.027,27,0.027,1000,détectés,30,0.03,30,0.03,1000
24,krankheitsüberträger,41,0.041,41,0.041,1000,stirbt,36,0.036,36,0.036,1000,infiziert,22,0.022,22,0.022,1000,stechmücken,12,0.022,12,0.022,545,breitet,19,0.019,19,0.019,1000,mira,9,0.0262,9,0.0262,343,difendersi,23,0.023,23,0.023,1000,malattie,25,0.025,25,0.025,1000,calor,30,0.03,30,0.03,1000,extremadura,45,0.045,45,0.045,1000,attention,27,0.027,27,0.027,1000,sang,27,0.027,27,0.027,1000
25,hunderte,40,0.04,40,0.04,1000,übertragen,35,0.035,35,0.035,1000,rio,20,0.02,20,0.02,1000,kohlmeise,12,0.022,12,0.022,545,kampf,19,0.019,19,0.019,1000,furlan,9,0.0262,9,0.0262,343,contagio,23,0.023,23,0.023,1000,europa,25,0.025,25,0.025,1000,espaã±a,29,0.029,29,0.029,1000,detecta,42,0.042,42,0.042,1000,surveillance,26,0.026,26,0.026,1000,hausse,26,0.026,26,0.026,1000
26,tier,40,0.04,40,0.04,1000,corona,35,0.035,35,0.035,1000,moskitos,20,0.02,20,0.02,1000,nachgewiesen,11,0.0202,11,0.0202,545,mücke,19,0.019,19,0.019,1000,70'000,9,0.0262,9,0.0262,343,tropicali,22,0.022,22,0.022,1000,rischio,25,0.025,25,0.025,1000,detectan,28,0.028,28,0.028,1000,transmisores,41,0.041,41,0.041,1000,face,23,0.023,23,0.023,1000,transmis,25,0.025,25,0.025,1000
27,rekord,40,0.04,40,0.04,1000,entdeckt,33,0.033,33,0.033,1000,stechmücken,19,0.019,19,0.019,1000,infektionen,11,0.0202,11,0.0202,545,zürich,18,0.018,18,0.018,1000,welt,9,0.0262,9,0.0262,343,viaggio,21,0.021,21,0.021,1000,scatta,24,0.024,24,0.024,1000,importados,28,0.028,28,0.028,1000,peligro,40,0.04,40,0.04,1000,europe,22,0.022,22,0.022,1000,d'infection,23,0.023,23,0.023,1000
28,erstmals,39,0.039,39,0.039,1000,tropenkrankheit,33,0.033,33,0.033,1000,forscher,19,0.019,19,0.019,1000,zoonosen,11,0.0202,11,0.0202,545,rio,18,0.018,18,0.018,1000,meiden,9,0.0262,9,0.0262,343,paesi,21,0.021,21,0.021,1000,provincia,24,0.024,24,0.024,1000,aumentan,27,0.027,27,0.027,1000,identifica,37,0.037,37,0.037,1000,présent,22,0.022,22,0.022,1000,l'hexagone,21,0.021,21,0.021,1000
29,aedes,39,0.039,39,0.039,1000,sicherheit,33,0.033,33,0.033,1000,krankheiten,18,0.018,18,0.018,1000,zecken,11,0.0202,11,0.0202,545,ausbruch,18,0.018,18,0.018,1000,blutsauger,9,0.0262,9,0.0262,343,vaccino,21,0.021,21,0.021,1000,lombardia,21,0.021,21,0.021,1000,confirma,27,0.027,27,0.027,1000,transmite,36,0.036,36,0.036,1000,détecté,21,0.021,21,0.021,1000,l'année,19,0.019,19,0.019,1000
30,welt,39,0.039,39,0.039,1000,tropenvirus,32,0.032,32,0.032,1000,schon,18,0.018,18,0.018,1000,malaria,11,0.0202,11,0.0202,545,tessin,17,0.017,17,0.017,1000,moustiques,9,0.0262,9,0.0262,343,lotta,21,0.021,21,0.021,1000,l'allarme,20,0.02,20,0.02,1000,salud,26,0.026,26,0.026,1000,estudio,36,0.036,36,0.036,1000,faut,20,0.02,20,0.02,1000,don,19,0.019,19,0.019,1000
31,tropische,38,0.038,38,0.038,1000,angekommen,30,0.03,30,0.03,1000,infektionen,18,0.018,18,0.018,1000,gesundheit,11,0.0202,11,0.0202,545,impfstoff,17,0.017,17,0.017,1000,2018,8,0.0233,8,0.0233,343,l'allarme,19,0.019,19,0.019,1000,sanità,20,0.02,20,0.02,1000,transmisión,25,0.025,25,0.025,1000,junta,29,0.029,29,0.029,1000,protéger,20,0.02,20,0.02,1000,fièvre,18,0.018,18,0.018,1000
32,forscher,38,0.038,38,0.038,1000,krankheiten,29,0.029,29,0.029,1000,asiatische,18,0.018,18,0.018,1000,tigermücke,10,0.0183,10,0.0183,545,gefährlich,15,0.015,15,0.015,1000,stark,8,0.0233,8,0.0233,343,oms,18,0.018,18,0.018,1000,tigre,20,0.02,20,0.02,1000,año,25,0.025,25,0.025,1000,años,29,0.029,29,0.029,1000,montpellier,20,0.02,20,0.02,1000,recensés,18,0.018,18,0.018,1000
33,experten,37,0.037,37,0.037,1000,forscher,28,0.028,28,0.028,1000,ausbruch,18,0.018,18,0.018,1000,krankheiten,9,0.0165,9,0.0165,545,erobert,15,0.015,15,0.015,1000,verbreiten,8,0.0233,8,0.0233,343,sospetto,18,0.018,18,0.018,1000,gravi,20,0.02,20,0.02,1000,evitar,23,0.023,23,0.023,1000,tigre,29,0.029,29,0.029,1000,été,19,0.019,19,0.019,1000,europe,18,0.018,18,0.018,1000
34,italien,37,0.037,37,0.037,1000,europa,27,0.027,27,0.027,1000,notstand,17,0.017,17,0.017,1000,viren,9,0.0165,9,0.0165,545,überwachung,14,0.014,14,0.014,1000,krank,8,0.0233,8,0.0233,343,cos'è,18,0.018,18,0.018,1000,sardegna,19,0.019,19,0.019,1000,galicia,23,0.023,23,0.023,1000,dengue,28,0.028,28,0.028,1000,région,18,0.018,18,0.018,1000,autochtone,18,0.018,18,0.018,1000
35,eu,36,0.036,36,0.036,1000,neues,27,0.027,27,0.027,1000,sex,16,0.016,16,0.016,1000,blut,9,0.0165,9,0.0165,545,blutsauger,14,0.014,14,0.014,1000,angeles,8,0.0233,8,0.0233,343,trasmette,17,0.017,17,0.017,1000,cos'è,18,0.018,18,0.018,1000,china,23,0.023,23,0.023,1000,declara,28,0.028,28,0.028,1000,lutte,18,0.018,18,0.018,1000,gironde,17,0.017,17,0.017,1000
36,übertragenen,33,0.033,33,0.033,1000,tropenmediziner,27,0.027,27,0.027,1000,graz,16,0.016,16,0.016,1000,amseln,8,0.0147,8,0.0147,545,who,13,0.013,13,0.013,1000,schauspielerin,8,0.0233,8,0.0233,343,nilo,17,0.017,17,0.017,1000,salgono,18,0.018,18,0.018,1000,medidas,23,0.023,23,0.023,1000,usutu,27,0.027,27,0.027,1000,nombre,18,0.018,18,0.018,1000,alpes,17,0.017,17,0.017,1000
37,tropenkrankheit,32,0.032,32,0.032,1000,region,26,0.026,26,0.026,1000,olympia,16,0.016,16,0.016,1000,wien,8,0.0147,8,0.0147,545,zahl,13,0.013,13,0.013,1000,gestorben,8,0.0233,8,0.0233,343,c'è,17,0.017,17,0.017,1000,ricoverati,18,0.018,18,0.018,1000,vigilancia,23,0.023,23,0.023,1000,alto,27,0.027,27,0.027,1000,démoustication,17,0.017,17,0.017,1000,mai,17,0.017,17,0.017,1000
38,reisende,31,0.031,31,0.031,1000,mückenstich,26,0.026,26,0.026,1000,wien,15,0.015,15,0.015,1000,eu,8,0.0147,8,0.0147,545,lateinamerika,13,0.013,13,0.013,1000,gefahr,8,0.0233,8,0.0233,343,salgono,17,0.017,17,0.017,1000,contagio,18,0.018,18,0.018,1000,municipios,22,0.022,22,0.022,1000,aumenta,26,0.026,26,0.026,1000,transmis,17,0.017,17,0.017,1000,mort,16,0.016,16,0.016,1000
39,warnt,31,0.031,31,0.031,1000,gestorben,24,0.024,24,0.024,1000,italien,15,0.015,15,0.015,1000,clark,8,0.0147,8,0.0147,545,infiziert,13,0.013,13,0.013,1000,fast,8,0.0233,8,0.0233,343,nuova,16,0.016,16,0.016,1000,morta,18,0.018,18,0.018,1000,aumentado,21,0.021,21,0.021,1000,picaduras,26,0.026,26,0.026,1000,chasse,17,0.017,17,0.017,1000,humain,15,0.015,15,0.015,1000
40,tödlichstes,31,0.031,31,0.031,1000,urlaubsregion,24,0.024,24,0.024,1000,mikrozephalie,15,0.015,15,0.015,1000,middleton,8,0.0147,8,0.0147,545,forscher,13,0.013,13,0.013,1000,asiatische,8,0.0233,8,0.0233,343,arriva,16,0.016,16,0.016,1000,roma,18,0.018,18,0.018,1000,embarazadas,21,0.021,21,0.021,1000,aumento,26,0.026,26,0.026,1000,l'été,17,0.017,17,0.017,1000,nouvelle,15,0.015,15,0.015,1000
41,gardasee,30,0.03,30,0.03,1000,todesopfer,24,0.024,24,0.024,1000,warnt,14,0.014,14,0.014,1000,wintervögel,8,0.0147,8,0.0147,545,lutte,13,0.013,13,0.013,1000,meisen,8,0.0233,8,0.0233,343,presente,16,0.016,16,0.016,1000,muore,18,0.018,18,0.018,1000,temperaturas,21,0.021,21,0.021,1000,temporada,26,0.026,26,0.026,1000,vaccin,17,0.017,17,0.017,1000,faut,14,0.014,14,0.014,1000
42,spanien,29,0.029,29,0.029,1000,hotspots,24,0.024,24,0.024,1000,kolumbien,14,0.014,14,0.014,1000,bedroht,7,0.0128,7,0.0128,545,jo,13,0.013,13,0.013,1000,atemnot,8,0.0233,8,0.0233,343,salute,16,0.016,16,0.016,1000,caldo,17,0.017,17,0.017,1000,covid,20,0.02,20,0.02,1000,transmisor,25,0.025,25,0.025,1000,appelle,16,0.016,16,0.016,1000,protéger,14,0.014,14,0.014,1000
43,who,26,0.026,26,0.026,1000,schon,23,0.023,23,0.023,1000,ruft,14,0.014,14,0.014,1000,warnung,7,0.0128,7,0.0128,545,locarno,12,0.012,12,0.012,1000,gelähmte,8,0.0233,8,0.0233,343,prevenzione,16,0.016,16,0.016,1000,contagi,17,0.017,17,0.017,1000,exóticas,20,0.02,20,0.02,1000,síntomas,25,0.025,25,0.025,1000,importés,16,0.016,16,0.016,1000,nombre,14,0.014,14,0.014,1000
44,behörde,26,0.026,26,0.026,1000,dutzende,23,0.023,23,0.023,1000,millionen,14,0.014,14,0.014,1000,todesfälle,7,0.0128,7,0.0128,545,schaffhausen,12,0.012,12,0.012,1000,tauben,8,0.0233,8,0.0233,343,lombardia,16,0.016,16,0.016,1000,test,17,0.017,17,0.017,1000,contagio,20,0.02,20,0.02,1000,infección,25,0.025,25,0.025,1000,sud,16,0.016,16,0.016,1000,maritimes,14,0.014,14,0.014,1000
45,überträgt,25,0.025,25,0.025,1000,maßnahmen,23,0.023,23,0.023,1000,philippinen,14,0.014,14,0.014,1000,serbien,7,0.0128,7,0.0128,545,krankheiten,12,0.012,12,0.012,1000,stare,8,0.0233,8,0.0233,343,esperti,16,0.016,16,0.016,1000,c'è,16,0.016,16,0.016,1000,confirmados,20,0.02,20,0.02,1000,transmisión,24,0.024,24,0.024,1000,moitié,15,0.015,15,0.015,1000,chevaux,14,0.014,14,0.014,1000
46,infektion,25,0.025,25,0.025,1000,neu,23,0.023,23,0.023,1000,gesundheitsnotstand,13,0.013,13,0.013,1000,infektion,7,0.0128,7,0.0128,545,erfolgreich,12,0.012,12,0.012,1000,überträgerin,8,0.0233,8,0.0233,343,clima,15,0.015,15,0.015,1000,decessi,16,0.016,16,0.016,1000,llegar,20,0.02,20,0.02,1000,vejer,23,0.023,23,0.023,1000,menace,14,0.014,14,0.014,1000,000,14,0.014,14,0.014,1000
47,alarm,25,0.025,25,0.025,1000,diskutieren,23,0.023,23,0.023,1000,übertragung,13,0.013,13,0.013,1000,höhenflug,7,0.0128,7,0.0128,545,philippinen,12,0.012,12,0.012,1000,erobert,8,0.0233,8,0.0233,343,consigli,15,0.015,15,0.015,1000,torna,16,0.016,16,0.016,1000,detectado,19,0.019,19,0.019,1000,amplía,23,0.023,23,0.023,1000,saison,14,0.014,14,0.014,1000,moitié,13,0.013,13,0.013,1000
48,steigt,25,0.025,25,0.025,1000,rätseln,23,0.023,23,0.023,1000,gefährlicher,13,0.013,13,0.013,1000,klimakrise,7,0.0128,7,0.0128,545,soldaten,12,0.012,12,0.012,1000,hochsaison,8,0.0233,8,0.0233,343,morti,15,0.015,15,0.015,1000,bassetti,16,0.016,16,0.016,1000,aedes,19,0.019,19,0.019,1000,mallorca,22,0.022,22,0.022,1000,alpes,14,0.014,14,0.014,1000,paca,13,0.013,13,0.013,1000
49,legen,25,0.025,25,0.025,1000,etabliert,23,0.023,23,0.023,1000,gefährliches,13,0.013,13,0.013,1000,tschechien,6,0.011,6,0.011,545,maladies,12,0.012,12,0.012,1000,zecken,8,0.0233,8,0.0233,343,allerta,15,0.015,15,0.015,1000,positive,16,0.016,16,0.016,1000,alto,19,0.019,19,0.019,1000,campo,22,0.022,22,0.022,1000,l'oms,14,0.014,14,0.014,1000,restreint,13,0.013,13,0.013,1000
50,winter,25,0.025,25,0.025,1000,symptome,22,0.022,22,0.022,1000,corona,13,0.013,13,0.013,1000,zunehmend,6,0.011,6,0.011,545,vormarsch,11,0.011,11,0.011,1000,risiko,8,0.0233,8,0.0233,343,emergenza,14,0.014,14,0.014,1000,trasmette,15,0.015,15,0.015,1000,control,19,0.019,19,0.019,1000,acción,22,0.022,22,0.022,1000,savoir,14,0.014,14,0.014,1000,climatique,13,0.013,13,0.013,1000
51,eier,25,0.025,25,0.025,1000,intensivieren,21,0.021,21,0.021,1000,epidemie,13,0.013,13,0.013,1000,risiko,6,0.011,6,0.011,545,tropenkrankheit,11,0.011,11,0.011,1000,occidental,8,0.0233,8,0.0233,343,autoctoni,14,0.014,14,0.014,1000,piano,14,0.014,14,0.014,1000,trampas,19,0.019,19,0.019,1000,málaga,21,0.021,21,0.021,1000,piqûres,13,0.013,13,0.013,1000,unis,13,0.013,13,0.013,1000
52,stechmücke,24,0.024,24,0.024,1000,österreich,21,0.021,21,0.021,1000,droht,12,0.012,12,0.012,1000,deutschland,6,0.011,6,0.011,545,viren,11,0.011,11,0.011,1000,moustique,8,0.0233,7,0.0204,343,bassetti,14,0.014,14,0.014,1000,anziano,14,0.014,14,0.014,1000,altas,19,0.019,19,0.019,1000,diez,21,0.021,21,0.021,1000,l'hexagone,13,0.013,13,0.013,1000,identifié,12,0.012,12,0.012,1000
53,überwintert,24,0.024,24,0.024,1000,mehrere,21,0.021,21,0.021,1000,infektion,12,0.012,12,0.012,1000,südeuropa,6,0.011,6,0.011,545,tote,11,0.011,11,0.011,1000,aggressive,7,0.0204,7,0.0204,343,spaccaossa,14,0.014,14,0.014,1000,nuova,14,0.014,14,0.014,1000,ejemplares,18,0.018,18,0.018,1000,muerte,21,0.021,21,0.021,1000,propagation,13,0.013,13,0.013,1000,transmises,12,0.012,12,0.012,1000
54,bedroht,24,0.024,24,0.024,1000,vermutung,21,0.021,21,0.021,1000,soldaten,12,0.012,12,0.012,1000,47,6,0.011,6,0.011,545,santé,11,0.011,11,0.011,1000,erreger,7,0.0204,7,0.0204,343,vicentino,14,0.014,14,0.014,1000,consigli,14,0.014,14,0.014,1000,olas,18,0.018,18,0.018,1000,área,21,0.021,21,0.021,1000,l'épidémie,13,0.013,13,0.013,1000,paris,12,0.012,12,0.012,1000
55,krankheitsrisiko,24,0.024,24,0.024,1000,osten,20,0.02,20,0.02,1000,gefährliche,11,0.011,11,0.011,1000,erreger,6,0.011,6,0.011,545,brésil,11,0.011,11,0.011,1000,virologe,7,0.0204,7,0.0204,343,caldo,13,0.013,13,0.013,1000,oristano,14,0.014,14,0.014,1000,acelera,18,0.018,18,0.018,1000,contagio,20,0.02,20,0.02,1000,climatique,12,0.012,12,0.012,1000,réchauffement,12,0.012,12,0.012,1000
56,südeuropa,24,0.024,24,0.024,1000,gefunden,19,0.019,19,0.019,1000,risiko,11,0.011,11,0.011,1000,übertragen,6,0.011,6,0.011,545,experte,10,0.01,10,0.01,1000,stirbt,7,0.0204,7,0.0204,343,contagi,13,0.013,13,0.013,1000,iss,14,0.014,14,0.014,1000,notifica,18,0.018,18,0.018,1000,semana,20,0.02,20,0.02,1000,carte,12,0.012,12,0.012,1000,400,12,0.012,12,0.012,1000
57,heimische,22,0.022,22,0.022,1000,infiziert,19,0.019,19,0.019,1000,spanien,11,0.011,11,0.011,1000,zahl,6,0.011,6,0.011,545,rät,10,0.01,10,0.01,1000,beinahe,7,0.0204,7,0.0204,343,lazio,13,0.013,13,0.013,1000,colpito,14,0.014,14,0.014,1000,similares,18,0.018,18,0.018,1000,puebla,19,0.019,18,0.018,1000,arriver,12,0.012,12,0.012,1000,identifiés,11,0.011,11,0.011,1000
58,nachbarland,22,0.022,22,0.022,1000,gefährlicher,19,0.019,19,0.019,1000,entdeckt,11,0.011,11,0.011,1000,droht,6,0.011,6,0.011,545,situation,10,0.01,10,0.01,1000,mückenstich,7,0.0204,7,0.0204,343,inizio,12,0.012,12,0.012,1000,lodi,13,0.013,13,0.013,1000,brasil,17,0.017,17,0.017,1000,río,19,0.019,19,0.019,1000,reconnaître,12,0.012,12,0.012,1000,transmettent,11,0.011,11,0.011,1000
59,schützen,20,0.02,20,0.02,1000,plage,19,0.019,19,0.019,1000,verbreitet,11,0.011,11,0.011,1000,dengue,6,0.011,6,0.011,545,gemeinde,10,0.01,10,0.01,1000,gefühlt,7,0.0204,7,0.0204,343,torna,12,0.012,12,0.012,1000,comune,13,0.013,13,0.013,1000,comunidad,17,0.017,17,0.017,1000,medidas,19,0.019,19,0.019,1000,rhône,12,0.012,12,0.012,1000,vigilance,11,0.011,11,0.011,1000
60,mücke,19,0.019,19,0.019,1000,todesfällen,19,0.019,19,0.019,1000,vormarsch,10,0.01,10,0.01,1000,blutsauger,6,0.011,6,0.011,545,bekämpfung,10,0.01,10,0.01,1000,stunde,7,0.0204,7,0.0204,343,rio,12,0.012,12,0.012,1000,primi,13,0.013,13,0.013,1000,vacuna,17,0.017,17,0.017,1000,enfermedades,19,0.019,19,0.019,1000,opération,12,0.012,12,0.012,1000,piquer,11,0.011,11,0.011,1000
61,betroffen,18,0.018,18,0.018,1000,pferden,19,0.019,19,0.019,1000,breiten,10,0.01,10,0.01,1000,frau,6,0.011,6,0.011,545,fordert,10,0.01,10,0.01,1000,gartenvögel,7,0.0204,7,0.0204,343,milione,12,0.012,12,0.012,1000,paura,13,0.013,13,0.013,1000,maría,17,0.017,17,0.017,1000,extiende,19,0.019,19,0.019,1000,territoire,12,0.012,12,0.012,1000,piqûre,11,0.011,11,0.011,1000
62,entdecken,18,0.018,18,0.018,1000,trotz,19,0.019,19,0.019,1000,impfung,10,0.01,10,0.01,1000,gefährlich,6,0.011,6,0.011,545,détecté,10,0.01,10,0.01,1000,gemeldet,7,0.0204,7,0.0204,343,disinfestazioni,11,0.011,11,0.011,1000,ospedale,13,0.013,13,0.013,1000,velasco,17,0.017,17,0.017,1000,sangre,19,0.019,19,0.019,1000,l'europe,12,0.012,12,0.012,1000,région,11,0.011,11,0.011,1000
63,bayern,18,0.018,18,0.018,1000,weiterem,19,0.019,19,0.019,1000,220.000,10,0.01,10,0.01,1000,stunde,6,0.011,6,0.011,545,canton,10,0.01,10,0.01,1000,neuer,7,0.0204,7,0.0204,343,zone,11,0.011,11,0.011,1000,lotta,13,0.013,13,0.013,1000,infectóloga,17,0.017,17,0.017,1000,larga,19,0.019,19,0.019,1000,réchauffement,11,0.011,11,0.011,1000,côte,11,0.011,11,0.011,1000
64,risiko,18,0.018,18,0.018,1000,todesfälle,18,0.018,18,0.018,1000,gedacht,10,0.01,10,0.01,1000,operation,6,0.011,6,0.011,545,vaud,10,0.01,10,0.01,1000,wef,7,0.0204,7,0.0204,343,focolaio,11,0.011,11,0.011,1000,10,13,0.013,13,0.013,1000,histórico,17,0.017,17,0.017,1000,contaminación,19,0.019,19,0.019,1000,bientôt,11,0.011,11,0.011,1000,d'azur,11,0.011,11,0.011,1000
65,detail,17,0.017,17,0.017,1000,nachgewiesen,17,0.017,17,0.017,1000,nigeria,10,0.01,10,0.01,1000,anschober,6,0.011,6,0.011,545,été,10,0.01,10,0.01,1000,bericht,7,0.0204,7,0.0204,343,modena,11,0.011,11,0.011,1000,difendersi,12,0.012,12,0.012,1000,latinoamérica,17,0.017,17,0.017,1000,lumínica,19,0.019,19,0.019,1000,progression,11,0.011,11,0.011,1000,alerte,11,0.011,11,0.011,1000
66,augen,17,0.017,17,0.017,1000,klimawandel,17,0.017,17,0.017,1000,alarm,9,0.009,9,0.009,1000,500,6,0.011,6,0.011,545,l'oms,10,0.01,10,0.01,1000,führt,7,0.0204,7,0.0204,343,malattia,11,0.011,11,0.011,1000,infette,12,0.012,12,0.012,1000,peligrosa,17,0.017,17,0.017,1000,intensa,19,0.019,19,0.019,1000,nouvelle,11,0.011,11,0.011,1000,déjà,11,0.011,11,0.011,1000
67,öffnet,17,0.017,17,0.017,1000,frau,17,0.017,17,0.017,1000,frau,9,0.009,9,0.009,1000,amsel,5,0.00917,5,0.00917,545,vaccin,10,0.01,10,0.01,1000,gesundheitskrise,7,0.0204,7,0.0204,343,2024,11,0.011,11,0.011,1000,latina,12,0.012,12,0.012,1000,alertan,16,0.016,16,0.016,1000,común,18,0.018,18,0.018,1000,58,11,0.011,11,0.011,1000,poursuit,11,0.011,11,0.011,1000
68,eingeschleppte,17,0.017,17,0.017,1000,tropischer,17,0.017,17,0.017,1000,erklärt,9,0.009,9,0.009,1000,vögel,5,0.00917,5,0.00917,545,microcéphalie,10,0.01,10,0.01,1000,erlebt,7,0.0204,7,0.0204,343,paura,11,0.011,11,0.011,1000,contagiato,12,0.012,12,0.012,1000,bacteria,15,0.015,15,0.015,1000,confirman,18,0.018,18,0.018,1000,grand,11,0.011,11,0.011,1000,l'hérault,11,0.011,11,0.011,1000
69,mückenarten,17,0.017,17,0.017,1000,erstmals,17,0.017,17,0.017,1000,globalen,9,0.009,9,0.009,1000,starb,5,0.00917,5,0.00917,545,steigt,9,0.009,9,0.009,1000,insektenplage,7,0.0204,7,0.0204,343,roma,11,0.011,11,0.011,1000,zika,12,0.012,12,0.012,1000,detecta,15,0.015,15,0.015,1000,mantiene,18,0.018,18,0.018,1000,auvergne,11,0.011,11,0.011,1000,blacklist,11,0.011,11,0.011,1000
70,gefährliche,16,0.016,16,0.016,1000,usutu,17,0.017,17,0.017,1000,zahl,9,0.009,9,0.009,1000,dutzende,5,0.00917,5,0.00917,545,warnt,9,0.009,9,0.009,1000,hochwasser,7,0.0204,7,0.0204,343,procida,11,0.011,11,0.011,1000,occidentale,11,0.011,11,0.011,1000,aumento,15,0.015,15,0.015,1000,año,18,0.018,18,0.018,1000,dangers,11,0.011,11,0.011,1000,bordeaux,10,0.01,10,0.01,1000
71,studie,16,0.016,16,0.016,1000,berlin,17,0.017,17,0.017,1000,übertragen,9,0.009,9,0.009,1000,warnt,5,0.00917,5,0.00917,545,jagd,9,0.009,9,0.009,1000,explosions­artig,7,0.0204,7,0.0204,343,india,11,0.011,11,0.011,1000,ricoverata,11,0.011,11,0.011,1000,navarra,15,0.015,15,0.015,1000,detectar,18,0.018,18,0.018,1000,piqûre,11,0.011,11,0.011,1000,ouest,10,0.01,10,0.01,1000
72,verschärft,16,0.016,16,0.016,1000,us,17,0.017,17,0.017,1000,infektionskrankheiten,9,0.009,9,0.009,1000,tigermücken,5,0.00917,5,0.00917,545,entdeckt,9,0.009,9,0.009,1000,blossem,7,0.0204,7,0.0204,343,settimana,11,0.011,11,0.011,1000,seconda,11,0.011,11,0.011,1000,madrid,15,0.015,15,0.015,1000,baleares,18,0.018,18,0.018,1000,épisode,11,0.011,11,0.011,1000,humaine,10,0.01,10,0.01,1000
73,denguefiebers,16,0.016,16,0.016,1000,erkrankung,16,0.016,16,0.016,1000,babys,9,0.009,9,0.009,1000,sorge,5,0.00917,5,0.00917,545,bern,9,0.009,9,0.009,1000,auge,7,0.0204,7,0.0204,343,piano,10,0.01,10,0.01,1000,paziente,11,0.011,11,0.011,1000,autóctono,14,0.014,14,0.014,1000,estudios,18,0.018,18,0.018,1000,faible,10,0.01,10,0.01,1000,épidémies,10,0.01,10,0.01,1000
74,übertragene,15,0.015,15,0.015,1000,beruft,16,0.016,16,0.016,1000,entwickeln,9,0.009,9,0.009,1000,exotische,5,0.00917,5,0.00917,545,beteiligt,9,0.009,9,0.009,1000,erkennen,7,0.0204,7,0.0204,343,sapere,10,0.01,10,0.01,1000,regione,11,0.011,11,0.011,1000,llegada,14,0.014,14,0.014,1000,ganan,18,0.018,18,0.018,1000,repérés,10,0.01,10,0.01,1000,foyers,10,0.01,10,0.01,1000
75,bringen,15,0.015,15,0.015,1000,taskforce,16,0.016,16,0.016,1000,norditalien,9,0.009,9,0.009,1000,tot,5,0.00917,5,0.00917,545,trinationaler,9,0.009,9,0.009,1000,einfach,7,0.0204,7,0.0204,343,controllo,10,0.01,10,0.01,1000,focolai,11,0.011,11,0.011,1000,canarias,14,0.014,14,0.014,1000,terreno,18,0.018,18,0.018,1000,implanté,10,0.01,10,0.01,1000,coronavirus,10,0.01,10,0.01,1000
76,stechmücken,15,0.015,15,0.015,1000,immunologe,16,0.016,16,0.016,1000,honduras,9,0.009,9,0.009,1000,forscher,5,0.00917,5,0.00917,545,invasive,9,0.009,8,0.008,1000,klimawandels,7,0.0204,7,0.0204,343,anti,10,0.01,10,0.01,1000,record,11,0.011,11,0.011,1000,cuidado,14,0.014,14,0.014,1000,pueblos,17,0.017,17,0.017,1000,réunion,10,0.01,10,0.01,1000,clark,10,0.01,10,0.01,1000
77,schlägt,15,0.015,15,0.015,1000,fauci,16,0.016,16,0.016,1000,us,9,0.009,9,0.009,1000,laut,5,0.00917,5,0.00917,545,meiden,9,0.009,9,0.009,1000,genügt,7,0.0204,7,0.0204,343,primi,10,0.01,10,0.01,1000,coronavirus,11,0.011,11,0.011,1000,infección,14,0.014,14,0.014,1000,notifica,17,0.017,17,0.017,1000,hausse,10,0.01,10,0.01,1000,middleton,10,0.01,10,0.01,1000
78,invasive,14,0.014,14,0.014,1000,erkrankt,16,0.016,16,0.016,1000,aufarbeitung,9,0.009,9,0.009,1000,'s,5,0.00917,5,0.00917,545,getestet,9,0.009,9,0.009,1000,bürgern,7,0.0204,7,0.0204,343,ricoverato,10,0.01,10,0.01,1000,grave,10,0.01,10,0.01,1000,sexual,14,0.014,14,0.014,1000,banco,17,0.017,17,0.017,1000,concernés,10,0.01,10,0.01,1000,états,10,0.01,10,0.01,1000
79,münchen,14,0.014,13,0.013,1000,alarm,15,0.015,15,0.015,1000,lockdown,9,0.009,9,0.009,1000,babylon,5,0.00917,5,0.00917,545,gardasee,9,0.009,9,0.009,1000,empfehlen,7,0.0204,7,0.0204,343,gialla,10,0.01,10,0.01,1000,comuni,10,0.01,10,0.01,1000,prevenir,14,0.014,14,0.014,1000,peligroso,17,0.017,17,0.017,1000,département,10,0.01,10,0.01,1000,test,10,0.01,10,0.01,1000
80,verdacht,14,0.014,14,0.014,1000,vögeln,15,0.015,15,0.015,1000,zählen,9,0.009,9,0.009,1000,mira,5,0.00917,5,0.00917,545,1000,9,0.009,9,0.009,1000,genügend,7,0.0204,7,0.0204,343,sindaco,9,0.009,9,0.009,1000,rischi,10,0.01,10,0.01,1000,zonas,14,0.014,14,0.014,1000,ciudades,17,0.017,17,0.017,1000,strasbourg,10,0.01,10,0.01,1000,300,10,0.01,10,0.01,1000
81,bedrohung,14,0.014,14,0.014,1000,fotograf,14,0.014,14,0.014,1000,100,9,0.009,9,0.009,1000,ergebnis,5,0.00917,5,0.00917,545,220'000,9,0.009,9,0.009,1000,trinken,7,0.0204,7,0.0204,343,metà,9,0.009,9,0.009,1000,pazienti,10,0.01,10,0.01,1000,transmisor,14,0.014,14,0.014,1000,vigilancia,16,0.016,16,0.016,1000,peur,9,0.009,9,0.009,1000,frappe,9,0.009,9,0.009,1000
82,infiziert,13,0.013,13,0.013,1000,registriert,14,0.014,14,0.014,1000,eu,8,0.008,8,0.008,1000,klagenfurt,5,0.00917,5,0.00917,545,alarm,9,0.009,9,0.009,1000,griechenland,6,0.0175,6,0.0175,343,aumento,9,0.009,9,0.009,1000,via,10,0.01,10,0.01,1000,respecto,14,0.014,14,0.014,1000,zonas,16,0.016,16,0.016,1000,prémunir,9,0.009,9,0.009,1000,morts,9,0.009,9,0.009,1000
83,impfstoff,13,0.013,13,0.013,1000,überträger,13,0.013,13,0.013,1000,viren,8,0.008,8,0.008,1000,zeckenart,5,0.00917,5,0.00917,545,kopfgeld,9,0.009,9,0.009,1000,sommer,6,0.0175,6,0.0175,343,studio,9,0.009,9,0.009,1000,donatori,10,0.01,10,0.01,1000,proliferación,14,0.014,14,0.014,1000,españolas,16,0.016,16,0.016,1000,créteil,9,0.009,9,0.009,1000,provence,9,0.009,9,0.009,1000
84,bürger,13,0.013,13,0.013,1000,verbreitet,13,0.013,13,0.013,1000,tropenvirus,8,0.008,8,0.008,1000,sommer,5,0.00917,5,0.00917,545,honduras,9,0.009,9,0.009,1000,schwule,6,0.0175,6,0.0175,343,fano,9,0.009,9,0.009,1000,puntura,10,0.01,10,0.01,1000,transmite,14,0.014,14,0.014,1000,capturados,15,0.015,15,0.015,1000,loire,9,0.009,8,0.008,1000,territoire,9,0.009,9,0.009,1000
85,gering,13,0.013,13,0.013,1000,gefahr,13,0.013,13,0.013,1000,gefahr,8,0.008,8,0.008,1000,krank,5,0.00917,5,0.00917,545,sang,9,0.009,9,0.009,1000,trumps,6,0.0175,6,0.0175,343,ministero,9,0.009,9,0.009,1000,confermati,10,0.01,10,0.01,1000,provocar,14,0.014,14,0.014,1000,córdoba,15,0.015,15,0.015,1000,français,9,0.009,9,0.009,1000,questions,9,0.009,9,0.009,1000
86,urlauber,12,0.012,12,0.012,1000,amseln,13,0.013,13,0.013,1000,gefunden,8,0.008,8,0.008,1000,infektionskrankheiten,5,0.00917,5,0.00917,545,gefährlichen,8,0.008,8,0.008,1000,wichtigster,6,0.0175,6,0.0175,343,donna,9,0.009,9,0.009,1000,l'italia,10,0.01,10,0.01,1000,global,13,0.013,13,0.013,1000,montalbán,15,0.015,15,0.015,1000,transmettre,9,0.009,9,0.009,1000,progression,9,0.009,9,0.009,1000
87,beliebte,12,0.012,12,0.012,1000,nachweis,13,0.013,13,0.013,1000,getestet,8,0.008,8,0.008,1000,herbst,5,0.00917,5,0.00917,545,gesundheit,8,0.008,8,0.008,1000,corona,6,0.0175,6,0.0175,343,mappa,9,0.009,9,0.009,1000,alta,10,0.01,10,0.01,1000,transmitirte,13,0.013,13,0.013,1000,control,15,0.015,13,0.013,1000,épidémie,9,0.009,9,0.009,1000,cause,9,0.009,9,0.009,1000
88,co,12,0.012,12,0.012,1000,experte,13,0.013,13,0.013,1000,infizierte,8,0.008,8,0.008,1000,neues,5,0.00917,5,0.00917,545,schweizer,8,0.008,8,0.008,1000,berater,6,0.0175,6,0.0175,343,padova,9,0.009,9,0.009,1000,picco,10,0.01,10,0.01,1000,picaduras,13,0.013,13,0.013,1000,caballo,15,0.015,15,0.015,1000,record,9,0.009,9,0.009,1000,prolifération,9,0.009,9,0.009,1000
89,virologe,12,0.012,12,0.012,1000,halle,12,0.012,12,0.012,1000,gehirne,8,0.008,8,0.008,1000,meiden,5,0.00917,5,0.00917,545,sorgfältiger,8,0.008,8,0.008,1000,schweizer,6,0.0175,6,0.0175,343,regioni,9,0.009,9,0.009,1000,emilia,10,0.01,10,0.01,1000,emergencia,13,0.013,11,0.011,1000,enfermedad,15,0.015,15,0.015,1000,exotiques,9,0.009,9,0.009,1000,jamais,9,0.009,9,0.009,1000
90,stille,12,0.012,12,0.012,1000,erreicht,12,0.012,12,0.012,1000,erwachsener,8,0.008,8,0.008,1000,schlagen,5,0.00917,5,0.00917,545,600,8,0.008,8,0.008,1000,wurzeln,6,0.0175,6,0.0175,343,arrivano,8,0.008,8,0.008,1000,ferrara,10,0.01,10,0.01,1000,70,13,0.013,13,0.013,1000,positivo,14,0.014,14,0.014,1000,situation,9,0.009,9,0.009,1000,scientifiques,9,0.009,9,0.009,1000
91,pandemie,12,0.012,12,0.012,1000,sardinien,12,0.012,12,0.012,1000,lassafieber,8,0.008,8,0.008,1000,zeitung,4,0.00734,4,0.00734,545,überträgerin,8,0.008,8,0.008,1000,italie,6,0.0175,6,0.0175,343,insetti,8,0.008,8,0.008,1000,malattia,10,0.01,10,0.01,1000,pública,13,0.013,13,0.013,1000,verano,14,0.014,14,0.014,1000,faire,9,0.009,9,0.009,1000,bientôt,9,0.009,9,0.009,1000
92,"5,6",12,0.012,12,0.012,1000,adria,12,0.012,12,0.012,1000,tirol,7,0.007,7,0.007,1000,tötet,4,0.00734,4,0.00734,545,millionen,8,0.008,8,0.008,1000,tue,6,0.0175,6,0.0175,343,australia,8,0.008,8,0.008,1000,viaggia,10,0.01,10,0.01,1000,tratamiento,13,0.013,13,0.013,1000,muere,14,0.014,14,0.014,1000,appel,9,0.009,9,0.009,1000,meurt,9,0.009,9,0.009,1000
93,milliarden,12,0.012,12,0.012,1000,spanien,12,0.012,12,0.012,1000,abtreibungen,7,0.007,7,0.007,1000,wissen,4,0.00734,4,0.00734,545,wallis,8,0.008,8,0.008,1000,tigre,6,0.0175,6,0.0175,343,l'italia,8,0.008,8,0.008,1000,ecdc,10,0.01,10,0.01,1000,abre,13,0.013,13,0.013,1000,coria,14,0.014,14,0.014,1000,c'est,9,0.009,9,0.009,1000,aquitaine,8,0.008,8,0.008,1000
94,sehen,12,0.012,12,0.012,1000,bevölkerung,12,0.012,12,0.012,1000,masern,7,0.007,7,0.007,1000,invasion,4,0.00734,4,0.00734,545,krieg,8,0.008,8,0.008,1000,syndrome,6,0.0175,6,0.0175,343,epidemia,8,0.008,8,0.008,1000,campania,10,0.01,10,0.01,1000,puerta,13,0.013,13,0.013,1000,vecino,14,0.014,14,0.014,1000,canicule,9,0.009,9,0.009,1000,italie,8,0.008,8,0.008,1000
95,2014,12,0.012,12,0.012,1000,zoo,11,0.011,11,0.011,1000,experten,7,0.007,7,0.007,1000,us,4,0.00734,4,0.00734,545,bläst,8,0.008,8,0.008,1000,guillain,6,0.0175,6,0.0175,343,romagna,8,0.008,8,0.008,1000,15,10,0.01,10,0.01,1000,oropouche,13,0.013,13,0.013,1000,provincia,14,0.014,14,0.014,1000,garonne,9,0.009,9,0.009,1000,transmettre,8,0.008,8,0.008,1000
96,warten,12,0.012,12,0.012,1000,vormarsch,11,0.011,11,0.011,1000,rasant,7,0.007,7,0.007,1000,experten,4,0.00734,4,0.00734,545,erklärt,8,0.008,8,0.008,1000,barré,6,0.0175,6,0.0175,343,arbovirosi,8,0.008,8,0.008,1000,donazioni,9,0.009,9,0.009,1000,avisa,12,0.012,12,0.012,1000,hepatitis,14,0.014,14,0.014,1000,paca,9,0.009,9,0.009,1000,gagne,8,0.008,8,0.008,1000
97,feuchtes,12,0.012,12,0.012,1000,niedersachsen,11,0.011,11,0.011,1000,mücke,7,0.007,7,0.007,1000,aktiv,4,0.00734,4,0.00734,545,zanzara,8,0.008,8,0.008,1000,nilo,6,0.0175,6,0.0175,343,sanità,8,0.008,8,0.008,1000,anti,9,0.009,9,0.009,1000,mujeres,12,0.012,12,0.012,1000,acaba,14,0.014,14,0.014,1000,gagne,9,0.009,9,0.009,1000,l'ue,8,0.008,8,0.008,1000
98,wetter,12,0.012,12,0.012,1000,ausmaß,11,0.011,11,0.011,1000,koreanische,7,0.007,7,0.007,1000,vorarlberg,4,0.00734,4,0.00734,545,lutter,8,0.008,8,0.008,1000,südeuropa,5,0.0146,5,0.0146,343,pericolo,8,0.008,8,0.008,1000,prevenzione,9,0.009,9,0.009,1000,amenaza,12,0.012,12,0.012,1000,matar,14,0.014,14,0.014,1000,corse,9,0.009,8,0.008,1000,tigres,8,0.008,8,0.008,1000
99,bericht,11,0.011,11,0.011,1000,tier,11,0.011,11,0.011,1000,buschmücke,7,0.007,7,0.007,1000,co,4,0.00734,4,0.00734,545,signalé,8,0.008,8,0.008,1000,meldet,5,0.0146,5,0.0146,343,toscana,8,0.008,8,0.008,1000,chikungunya,9,0.009,9,0.009,1000,aragón,12,0.012,12,0.012,1000,barbate,13,0.013,13,0.013,1000,d'où,9,0.009,9,0.009,1000,risques,8,0.008,8,0.008,1000
